client_id,segment,country,clinic_size,devices_owned,last_purchase_days_ago,purchase_count,avg_purchase_value,tu2_active,tu2_sessions_last_30d,ai_usage_ratio,last_contact_days_ago,open_rate,click_rate,support_tickets_last_6m,buy_label,churn_label
CL-0001,Klinika weterynaryjna,Polska,22,2,689,1,5264.28,1,0,0.0,47,0.57,0.19,10,0,1
CL-0002,Szpital weterynaryjny,Polska,183,9,150,6,2969.72,1,100,0.76,37,0.57,0.31,9,1,1
CL-0003,Klinika weterynaryjna,Polska,14,1,330,3,19185.29,1,11,0.83,72,0.89,0.42,9,0,1
CL-0004,Klinika weterynaryjna,Niemcy,14,1,454,2,10812.6,1,56,0.6,49,0.64,0.29,10,0,1
CL-0005,Szpital weterynaryjny,Polska,161,5,485,1,18216.12,1,38,0.6,49,0.54,0.12,9,0,1
CL-0006,Szpital weterynaryjny,Włochy,193,8,660,1,12324.04,0,0,0.0,156,0.5,0.07,10,0,1
CL-0007,Szpital weterynaryjny,Polska,194,8,271,4,635.14,0,0,0.0,59,0.63,0.13,0,0,0
CL-0008,Szpital weterynaryjny,Polska,159,6,678,1,6942.1,1,33,0.67,32,0.34,0.26,0,0,0
CL-0009,Szpital weterynaryjny,Polska,100,4,654,2,5211.12,0,0,0.0,113,0.49,0.3,1,0,1
CL-0010,Szpital weterynaryjny,Polska,157,4,58,12,7464.31,1,92,0.11,177,0.61,0.08,7,0,0
CL-0011,Klinika weterynaryjna,Polska,37,1,581,2,13396.35,0,0,0.0,9,0.33,0.35,10,0,1
CL-0012,Klinika weterynaryjna,Polska,47,4,114,7,12161.12,1,45,0.74,121,0.54,0.12,5,0,0
CL-0013,Lekarz mobilny,Polska,7,2,179,5,19551.12,1,57,0.09,90,0.5,0.36,3,0,0
CL-0014,Szpital weterynaryjny,Polska,169,9,38,20,1944.58,0,0,0.0,167,0.42,0.49,2,0,0
CL-0015,Szpital weterynaryjny,Polska,76,10,657,1,11759.08,0,0,0.0,77,0.52,0.47,2,0,0
CL-0016,Szpital weterynaryjny,Polska,29,4,527,1,6561.15,1,73,0.78,29,0.94,0.29,8,0,0
CL-0017,Lekarz mobilny,Niemcy,10,2,195,3,9265.86,1,6,0.86,134,0.95,0.34,6,0,1
CL-0018,Szpital weterynaryjny,Polska,52,4,323,2,8373.46,0,0,0.0,76,0.89,0.29,2,0,0
CL-0019,Lekarz mobilny,Polska,6,1,558,1,19480.03,1,59,0.3,137,0.38,0.06,4,0,0
CL-0020,Lekarz mobilny,Hiszpania,10,1,49,15,14958.82,0,0,0.0,151,0.53,0.29,10,0,1
CL-0021,Lekarz mobilny,Polska,3,1,635,1,4087.25,1,24,0.69,71,0.45,0.35,4,1,1
CL-0022,Szpital weterynaryjny,Polska,186,3,639,1,17518.72,1,44,0.17,31,0.81,0.26,10,0,1
CL-0023,Lekarz mobilny,Polska,5,1,635,1,16824.8,1,22,0.65,117,0.88,0.47,3,0,0
CL-0024,Szpital weterynaryjny,Polska,49,4,176,5,1386.12,1,47,0.04,46,0.69,0.16,2,0,0
CL-0025,Klinika weterynaryjna,Polska,5,5,42,19,18391.61,1,39,0.11,148,0.4,0.44,0,0,0
CL-0026,Klinika weterynaryjna,Polska,18,5,428,1,10708.68,0,0,0.0,58,0.73,0.11,8,0,1
CL-0027,Lekarz mobilny,Niemcy,3,2,154,4,16437.77,1,54,0.92,156,0.42,0.23,6,0,1
CL-0028,Klinika weterynaryjna,Polska,18,4,261,2,3286.53,1,32,0.57,148,0.95,0.46,5,1,0
CL-0029,Lekarz mobilny,Polska,2,2,242,4,17352.81,1,31,0.9,68,0.41,0.45,0,1,0
CL-0030,Klinika weterynaryjna,Polska,13,3,279,2,15032.14,1,5,0.0,169,0.64,0.13,6,0,1
CL-0031,Szpital weterynaryjny,Polska,114,9,676,2,13021.39,1,52,0.84,154,0.6,0.08,5,0,0
CL-0032,Szpital weterynaryjny,Polska,133,8,307,3,9235.26,0,0,0.0,56,0.78,0.49,9,0,1
CL-0033,Szpital weterynaryjny,Polska,155,9,402,2,12004.72,0,0,0.0,152,0.53,0.48,8,0,1
CL-0034,Lekarz mobilny,Polska,9,1,150,7,10867.28,1,4,0.0,31,0.74,0.36,7,0,1
CL-0035,Klinika weterynaryjna,Polska,49,5,585,1,1100.14,1,28,0.47,62,0.62,0.2,5,0,0
CL-0036,Klinika weterynaryjna,Polska,44,5,658,1,13433.76,0,0,0.0,143,0.58,0.1,2,0,1
CL-0037,Lekarz mobilny,Polska,7,1,89,10,15160.05,0,0,0.0,116,0.41,0.46,2,0,0
CL-0038,Klinika weterynaryjna,Polska,31,2,299,4,7688.73,1,34,0.44,10,0.8,0.37,4,1,0
CL-0039,Lekarz mobilny,Polska,3,2,271,3,12894.95,0,0,0.0,164,0.32,0.35,1,0,1
CL-0040,Lekarz mobilny,Polska,10,2,227,4,13067.5,1,5,0.0,102,0.6,0.21,4,0,0
CL-0041,Lekarz mobilny,Polska,7,1,288,2,14346.44,0,0,0.0,165,0.55,0.38,3,0,1
CL-0042,Klinika weterynaryjna,Polska,9,3,255,2,15584.61,1,50,0.44,49,0.87,0.32,4,0,0
CL-0043,Szpital weterynaryjny,Polska,39,9,625,1,8216.74,0,0,0.0,178,0.4,0.11,7,0,1
CL-0044,Lekarz mobilny,Polska,1,2,537,2,9078.68,1,1,0.0,108,0.4,0.28,5,0,1
CL-0045,Szpital weterynaryjny,Polska,56,8,727,1,6054.1,0,0,0.0,131,0.66,0.07,9,0,1
CL-0046,Szpital weterynaryjny,Włochy,179,7,648,1,4295.5,1,100,0.41,78,0.93,0.05,3,0,1
CL-0047,Szpital weterynaryjny,Polska,140,10,470,2,3722.34,1,84,0.22,24,0.46,0.11,2,0,1
CL-0048,Lekarz mobilny,Polska,6,2,456,1,8284.14,0,0,0.0,165,0.37,0.34,10,0,0
CL-0049,Szpital weterynaryjny,Polska,96,4,130,6,12084.64,1,32,0.42,107,0.91,0.44,1,1,0
CL-0050,Szpital weterynaryjny,Polska,193,10,179,5,17067.55,1,86,0.13,170,0.94,0.05,4,0,0
CL-0051,Szpital weterynaryjny,Wielka Brytania,171,6,361,3,12002.08,0,0,0.0,63,0.9,0.25,8,0,1
CL-0052,Klinika weterynaryjna,Polska,7,5,193,5,12055.22,1,12,0.27,30,0.6,0.24,2,0,0
CL-0053,Lekarz mobilny,Polska,6,2,525,2,17735.42,1,36,0.3,159,0.36,0.44,6,0,1
CL-0054,Szpital weterynaryjny,Polska,78,9,408,2,6319.14,1,54,0.81,24,0.66,0.06,7,0,1
CL-0055,Klinika weterynaryjna,Niemcy,42,1,59,8,17316.79,0,0,0.0,59,0.32,0.06,6,0,0
CL-0056,Szpital weterynaryjny,Francja,29,4,561,1,18375.12,0,0,0.0,124,0.42,0.17,2,0,1
CL-0057,Lekarz mobilny,Polska,3,2,542,2,9029.62,1,15,0.79,112,0.73,0.32,8,0,1
CL-0058,Szpital weterynaryjny,Niemcy,97,7,312,3,13490.75,1,140,0.23,63,0.69,0.21,5,0,0
CL-0059,Szpital weterynaryjny,Polska,165,5,669,1,13960.46,0,0,0.0,116,0.44,0.19,0,0,1
CL-0060,Klinika weterynaryjna,Niemcy,20,1,38,12,13310.37,1,36,0.83,97,0.7,0.06,5,0,0
CL-0061,Szpital weterynaryjny,Polska,77,3,24,20,7303.25,0,0,0.0,13,0.37,0.33,5,0,0
CL-0062,Klinika weterynaryjna,Polska,42,3,32,14,12212.45,1,53,0.58,105,0.73,0.46,6,0,0
CL-0063,Lekarz mobilny,Polska,2,1,194,4,5604.96,1,3,0.0,167,0.55,0.16,2,0,1
CL-0064,Klinika weterynaryjna,Polska,21,4,172,3,16276.19,1,35,0.16,145,0.48,0.13,1,0,0
CL-0065,Lekarz mobilny,Polska,5,1,473,2,11991.38,1,0,0.0,158,0.77,0.48,2,0,1
CL-0066,Lekarz mobilny,Polska,10,1,672,1,12114.74,1,53,0.64,141,0.3,0.09,10,0,1
CL-0067,Szpital weterynaryjny,Hiszpania,53,10,725,1,19303.01,1,138,0.42,157,0.32,0.21,1,0,0
CL-0068,Szpital weterynaryjny,Polska,155,8,341,3,10104.42,1,40,0.69,23,0.75,0.23,8,0,1
CL-0069,Lekarz mobilny,Polska,5,2,571,1,19600.58,0,0,0.0,134,0.52,0.07,2,0,1
CL-0070,Szpital weterynaryjny,Polska,189,6,682,1,8518.4,1,143,0.89,25,0.87,0.26,5,0,1
CL-0071,Klinika weterynaryjna,Polska,27,4,502,1,15997.96,1,55,0.25,171,0.37,0.24,1,0,0
CL-0072,Szpital weterynaryjny,Polska,189,3,151,5,13450.43,1,63,0.17,45,0.82,0.41,7,0,1
CL-0073,Klinika weterynaryjna,Polska,47,3,82,9,5725.5,1,51,0.61,148,0.56,0.31,7,0,0
CL-0074,Lekarz mobilny,Polska,10,1,77,11,10389.98,1,53,0.02,81,0.74,0.28,3,0,0
CL-0075,Klinika weterynaryjna,Polska,43,1,431,2,17007.22,1,38,0.19,151,0.47,0.24,2,0,0
CL-0076,Lekarz mobilny,Polska,10,1,96,9,9052.85,0,0,0.0,157,0.31,0.45,3,0,1
CL-0077,Klinika weterynaryjna,Polska,45,2,272,3,12874.4,0,0,0.0,102,0.47,0.29,10,0,1
CL-0078,Lekarz mobilny,Polska,2,2,12,20,16410.14,1,14,0.11,8,0.53,0.5,8,0,1
CL-0079,Szpital weterynaryjny,Polska,87,8,80,6,18337.74,1,103,0.03,62,0.36,0.21,9,0,0
CL-0080,Lekarz mobilny,Polska,7,2,173,2,7202.53,1,40,0.94,177,0.62,0.21,6,0,1
CL-0081,Szpital weterynaryjny,Polska,51,7,326,3,13503.55,0,0,0.0,178,0.38,0.48,1,0,0
CL-0082,Lekarz mobilny,Polska,10,2,416,2,18136.41,1,32,0.19,159,0.73,0.12,1,0,0
CL-0083,Klinika weterynaryjna,Polska,30,1,588,1,6846.13,0,0,0.0,49,0.55,0.36,6,0,1
CL-0084,Lekarz mobilny,Polska,9,1,379,2,7905.91,1,7,0.12,37,0.32,0.25,10,0,0
CL-0085,Szpital weterynaryjny,Hiszpania,27,3,666,1,8368.64,1,45,0.78,24,0.57,0.07,3,0,0
CL-0086,Klinika weterynaryjna,Polska,28,4,661,1,3757.11,1,30,0.33,180,0.94,0.25,3,0,0
CL-0087,Szpital weterynaryjny,Polska,86,7,27,20,11957.63,0,0,0.0,78,0.66,0.38,10,0,0
CL-0088,Lekarz mobilny,Polska,4,2,452,1,19958.8,1,37,0.04,145,0.67,0.45,0,0,1
CL-0089,Klinika weterynaryjna,Polska,41,4,481,2,2163.81,1,39,0.05,32,0.77,0.28,2,0,0
CL-0090,Klinika weterynaryjna,Polska,19,2,189,4,4570.79,0,0,0.0,58,0.41,0.13,7,0,0
CL-0091,Lekarz mobilny,Włochy,2,2,421,2,14259.66,0,0,0.0,19,0.53,0.3,6,0,0
CL-0092,Szpital weterynaryjny,Polska,117,8,618,1,18770.5,1,51,0.09,125,0.72,0.09,9,0,1
CL-0093,Klinika weterynaryjna,Polska,37,2,242,2,6521.66,0,0,0.0,149,0.82,0.41,9,0,1
CL-0094,Klinika weterynaryjna,Polska,15,1,368,3,11026.99,1,57,0.85,126,0.48,0.19,10,0,1
CL-0095,Klinika weterynaryjna,Niemcy,19,5,530,2,14466.35,0,0,0.0,80,0.68,0.27,10,0,0
CL-0096,Lekarz mobilny,Polska,2,1,34,16,11503.64,1,3,0.0,9,0.5,0.34,2,0,1
CL-0097,Lekarz mobilny,Polska,9,1,124,8,6337.13,1,42,0.68,76,0.46,0.3,2,0,0
CL-0098,Klinika weterynaryjna,Polska,45,2,399,1,2334.04,1,11,0.88,158,0.37,0.1,2,1,0
CL-0099,Klinika weterynaryjna,Polska,24,5,430,2,8714.12,1,49,0.72,156,0.84,0.44,10,1,0
CL-0100,Lekarz mobilny,Polska,10,1,607,1,6877.08,1,0,0.0,171,0.31,0.15,7,0,1
CL-0101,Klinika weterynaryjna,Włochy,44,2,418,2,12485.33,0,0,0.0,55,0.54,0.22,6,0,1
CL-0102,Lekarz mobilny,Polska,8,2,472,1,1423.86,1,36,0.0,37,0.62,0.18,3,0,1
CL-0103,Klinika weterynaryjna,Polska,50,3,92,9,13160.6,1,0,0.0,177,0.51,0.14,1,0,0
CL-0104,Lekarz mobilny,Francja,4,2,526,2,19673.72,1,42,0.48,30,0.38,0.34,6,0,0
CL-0105,Lekarz mobilny,Francja,9,2,127,8,4279.96,1,19,0.27,113,0.92,0.27,8,0,1
CL-0106,Klinika weterynaryjna,Polska,19,4,478,1,7289.81,1,40,0.79,9,0.36,0.47,4,0,1
CL-0107,Lekarz mobilny,Polska,6,2,600,1,3277.58,1,60,0.55,142,0.55,0.29,10,0,1
CL-0108,Szpital weterynaryjny,Polska,189,7,597,1,19746.34,1,80,0.74,45,0.92,0.08,0,0,0
CL-0109,Szpital weterynaryjny,Polska,74,8,431,2,15626.13,1,122,0.46,119,0.83,0.39,8,0,1
CL-0110,Lekarz mobilny,Francja,2,1,526,1,1738.28,1,7,0.4,166,0.73,0.5,4,0,0
CL-0111,Lekarz mobilny,Polska,6,1,472,1,18323.9,0,0,0.0,80,0.95,0.2,8,0,0
CL-0112,Lekarz mobilny,Niemcy,7,2,657,1,4763.89,1,34,0.11,123,0.44,0.17,5,0,0
CL-0113,Lekarz mobilny,Polska,5,2,306,1,4857.6,0,0,0.0,42,0.65,0.44,6,0,1
CL-0114,Szpital weterynaryjny,Polska,83,6,611,1,9191.27,1,98,0.19,119,0.68,0.09,7,0,0
CL-0115,Szpital weterynaryjny,Włochy,161,7,561,1,2554.86,1,143,0.59,145,0.89,0.05,4,0,1
CL-0116,Szpital weterynaryjny,Polska,144,10,508,2,11779.27,1,117,0.54,23,0.43,0.13,9,0,1
CL-0117,Klinika weterynaryjna,Polska,11,4,104,6,9232.69,1,45,0.84,129,0.62,0.26,6,0,1
CL-0118,Szpital weterynaryjny,Polska,107,8,474,1,19914.5,0,0,0.0,157,0.32,0.4,4,0,0
CL-0119,Szpital weterynaryjny,Polska,93,4,691,1,11044.96,1,38,0.45,108,0.71,0.25,6,0,1
CL-0120,Klinika weterynaryjna,Polska,35,1,287,3,16286.44,1,0,0.0,148,0.38,0.17,0,1,0
CL-0121,Szpital weterynaryjny,Polska,87,7,580,1,14945.94,0,0,0.0,57,0.89,0.16,2,0,0
CL-0122,Lekarz mobilny,Polska,10,2,383,2,10837.87,1,21,0.53,98,0.81,0.33,7,0,0
CL-0123,Klinika weterynaryjna,Polska,20,1,241,4,18625.97,1,47,0.16,17,0.36,0.47,4,0,0
CL-0124,Klinika weterynaryjna,Polska,2,4,612,1,7437.24,1,46,0.85,129,0.89,0.37,0,0,1
CL-0125,Klinika weterynaryjna,Hiszpania,14,3,387,2,16284.51,1,44,0.39,161,0.48,0.22,3,0,1
CL-0126,Szpital weterynaryjny,Polska,32,10,260,4,7062.14,0,0,0.0,160,0.56,0.25,3,0,1
CL-0127,Lekarz mobilny,Wielka Brytania,9,2,79,6,10433.63,0,0,0.0,60,0.84,0.16,4,0,0
CL-0128,Szpital weterynaryjny,Polska,154,6,243,4,17953.14,1,43,0.58,80,0.87,0.23,6,0,1
CL-0129,Lekarz mobilny,Polska,7,1,291,2,18838.44,1,22,0.59,107,0.85,0.12,8,0,1
CL-0130,Szpital weterynaryjny,Polska,161,10,115,8,1591.79,1,135,0.55,78,0.94,0.41,10,0,1
CL-0131,Klinika weterynaryjna,Polska,3,5,237,4,953.9,0,0,0.0,10,0.38,0.32,3,0,0
CL-0132,Klinika weterynaryjna,Polska,8,4,83,6,14902.33,1,34,0.34,80,0.69,0.15,6,0,0
CL-0133,Klinika weterynaryjna,Polska,26,1,382,1,6136.95,1,0,0.0,4,0.5,0.46,3,0,1
CL-0134,Szpital weterynaryjny,Polska,188,4,204,5,13480.49,1,46,0.57,169,0.44,0.22,3,0,0
CL-0135,Szpital weterynaryjny,Polska,37,6,513,1,10294.89,1,71,0.71,102,0.82,0.29,9,0,1
CL-0136,Szpital weterynaryjny,Polska,58,6,688,2,2109.62,0,0,0.0,11,0.73,0.43,3,0,1
CL-0137,Szpital weterynaryjny,Polska,90,3,272,4,11121.43,1,98,0.87,109,0.44,0.32,6,1,0
CL-0138,Klinika weterynaryjna,Polska,13,2,617,1,15542.42,1,26,0.85,67,0.47,0.46,10,0,1
CL-0139,Lekarz mobilny,Polska,8,2,368,1,6253.52,1,5,0.0,85,0.8,0.23,10,0,1
CL-0140,Szpital weterynaryjny,Polska,63,10,680,1,2636.31,1,89,0.62,35,0.69,0.48,9,0,1
CL-0141,Szpital weterynaryjny,Polska,35,8,588,2,8007.56,1,62,0.38,63,0.41,0.4,5,1,0
CL-0142,Klinika weterynaryjna,Polska,31,2,282,3,10147.6,1,41,0.78,40,0.74,0.39,8,0,1
CL-0143,Klinika weterynaryjna,Polska,10,4,709,1,14687.18,1,42,0.24,27,0.62,0.45,8,0,1
CL-0144,Szpital weterynaryjny,Polska,177,9,718,1,5844.36,1,54,0.74,170,0.65,0.48,8,0,1
CL-0145,Lekarz mobilny,Polska,3,1,532,2,17020.61,0,0,0.0,86,0.39,0.2,8,0,1
CL-0146,Szpital weterynaryjny,Polska,26,8,390,2,10811.98,0,0,0.0,33,0.85,0.42,10,0,0
CL-0147,Lekarz mobilny,Francja,8,2,243,2,11674.77,0,0,0.0,109,0.41,0.23,2,0,0
CL-0148,Klinika weterynaryjna,Polska,9,5,376,1,19958.25,1,37,0.41,74,0.48,0.36,2,1,0
CL-0149,Szpital weterynaryjny,Polska,68,10,658,1,1808.32,1,81,0.02,4,0.49,0.11,2,0,1
CL-0150,Lekarz mobilny,Polska,4,1,405,2,664.51,1,34,0.29,35,0.83,0.09,8,0,1
CL-0151,Lekarz mobilny,Polska,6,1,284,4,19451.36,0,0,0.0,180,0.95,0.37,9,0,1
CL-0152,Szpital weterynaryjny,Hiszpania,166,5,335,3,7585.34,1,54,0.81,16,0.36,0.18,10,0,0
CL-0153,Szpital weterynaryjny,Polska,82,7,173,5,6377.05,1,66,0.89,151,0.79,0.1,9,0,0
CL-0154,Lekarz mobilny,Wielka Brytania,6,1,386,3,18666.22,1,53,0.16,139,0.62,0.09,6,0,0
CL-0155,Klinika weterynaryjna,Polska,39,5,438,2,10169.02,1,22,0.07,121,0.57,0.17,1,0,0
CL-0156,Lekarz mobilny,Polska,8,2,361,2,1363.38,1,40,0.79,90,0.56,0.07,4,0,0
CL-0157,Szpital weterynaryjny,Polska,52,9,515,2,17648.22,1,146,0.29,76,0.66,0.47,1,0,1
CL-0158,Szpital weterynaryjny,Polska,169,7,95,4,16131.71,1,133,0.66,64,0.51,0.16,3,0,0
CL-0159,Klinika weterynaryjna,Polska,50,4,494,2,10297.81,0,0,0.0,30,0.8,0.15,5,0,0
CL-0160,Klinika weterynaryjna,Polska,26,4,245,4,9528.51,0,0,0.0,170,0.7,0.43,0,0,0
CL-0161,Szpital weterynaryjny,Polska,126,3,175,2,9308.98,1,39,0.55,7,0.56,0.29,5,0,0
CL-0162,Lekarz mobilny,Polska,8,2,499,2,12382.08,0,0,0.0,6,0.7,0.15,2,0,1
CL-0163,Szpital weterynaryjny,Polska,154,5,442,2,8541.44,1,142,0.25,48,0.59,0.45,6,0,1
CL-0164,Lekarz mobilny,Polska,1,2,726,1,4947.06,1,57,0.59,150,0.32,0.35,5,0,1
CL-0165,Szpital weterynaryjny,Polska,103,7,273,2,9690.22,0,0,0.0,143,0.45,0.19,10,0,1
CL-0166,Lekarz mobilny,Polska,8,1,216,3,1538.12,1,54,0.82,40,0.79,0.12,4,0,0
CL-0167,Szpital weterynaryjny,Polska,144,5,65,8,13676.29,0,0,0.0,91,0.64,0.08,0,0,0
CL-0168,Klinika weterynaryjna,Polska,43,1,604,1,2226.96,1,18,0.52,3,0.69,0.27,2,0,1
CL-0169,Szpital weterynaryjny,Polska,100,7,639,1,2013.85,1,87,0.57,96,0.69,0.08,7,0,0
CL-0170,Lekarz mobilny,Polska,9,2,317,3,14498.36,1,46,0.7,75,0.83,0.29,8,0,1
CL-0171,Szpital weterynaryjny,Polska,63,10,616,1,13943.29,0,0,0.0,83,0.75,0.4,10,0,0
CL-0172,Szpital weterynaryjny,Polska,118,4,564,1,18434.57,0,0,0.0,49,0.85,0.42,1,0,1
CL-0173,Szpital weterynaryjny,Polska,170,3,188,4,13845.33,1,103,0.85,168,0.72,0.12,0,0,0
CL-0174,Klinika weterynaryjna,Polska,12,3,311,2,2191.36,0,0,0.0,151,0.54,0.21,8,0,0
CL-0175,Klinika weterynaryjna,Polska,23,5,142,4,16433.24,0,0,0.0,171,0.91,0.35,5,0,1
CL-0176,Klinika weterynaryjna,Polska,4,2,623,1,4312.28,0,0,0.0,23,0.42,0.28,10,0,1
CL-0177,Lekarz mobilny,Polska,6,1,455,1,9023.52,1,47,0.83,98,0.43,0.35,1,0,1
CL-0178,Szpital weterynaryjny,Francja,57,5,397,1,9726.77,1,109,0.55,9,0.51,0.44,5,1,0
CL-0179,Lekarz mobilny,Polska,4,2,420,2,18498.85,0,0,0.0,52,0.84,0.45,2,0,1
CL-0180,Lekarz mobilny,Wielka Brytania,3,1,575,2,8424.9,1,18,0.28,29,0.5,0.05,10,0,1
CL-0181,Lekarz mobilny,Polska,1,2,554,2,11762.35,1,18,0.69,92,0.57,0.43,4,0,1
CL-0182,Klinika weterynaryjna,Francja,45,3,439,2,14813.38,1,23,0.05,127,0.4,0.29,3,0,0
CL-0183,Lekarz mobilny,Polska,3,1,270,2,8948.43,0,0,0.0,148,0.45,0.38,0,0,0
CL-0184,Lekarz mobilny,Polska,2,2,240,4,3057.64,1,34,0.18,19,0.81,0.29,10,0,0
CL-0185,Szpital weterynaryjny,Niemcy,74,6,436,1,9702.66,1,105,0.35,132,0.65,0.32,6,0,0
CL-0186,Lekarz mobilny,Polska,6,2,340,2,18608.49,0,0,0.0,179,0.45,0.19,3,0,0
CL-0187,Szpital weterynaryjny,Polska,100,3,34,20,19244.47,1,143,0.36,103,0.69,0.18,3,0,0
CL-0188,Szpital weterynaryjny,Polska,147,7,303,1,522.51,0,0,0.0,18,0.34,0.45,5,0,0
CL-0189,Szpital weterynaryjny,Francja,164,4,671,2,1509.22,0,0,0.0,155,0.93,0.06,1,0,1
CL-0190,Szpital weterynaryjny,Polska,95,6,100,9,14561.92,1,143,0.58,31,0.38,0.11,10,0,1
CL-0191,Szpital weterynaryjny,Polska,170,8,680,1,19260.84,1,68,0.05,36,0.75,0.42,10,0,1
CL-0192,Lekarz mobilny,Polska,6,2,20,20,8750.95,1,39,0.9,144,0.37,0.46,1,1,0
CL-0193,Klinika weterynaryjna,Polska,49,5,248,4,14929.74,1,26,0.67,109,0.32,0.1,4,0,0
CL-0194,Klinika weterynaryjna,Polska,19,3,313,3,13587.6,1,0,0.0,175,0.8,0.45,10,0,0
CL-0195,Lekarz mobilny,Polska,9,2,140,6,10734.16,1,32,0.64,64,0.48,0.42,9,0,1
CL-0196,Lekarz mobilny,Hiszpania,3,2,422,1,15332.27,0,0,0.0,64,0.5,0.49,8,0,1
CL-0197,Lekarz mobilny,Polska,4,2,36,20,11912.19,1,3,0.0,131,0.84,0.3,6,0,1
CL-0198,Szpital weterynaryjny,Polska,25,5,642,1,4597.38,1,33,0.12,2,0.72,0.17,2,0,0
CL-0199,Lekarz mobilny,Włochy,5,2,672,1,9290.56,1,44,0.83,45,0.79,0.24,7,0,0
CL-0200,Klinika weterynaryjna,Polska,33,4,581,1,17935.12,1,0,0.0,34,0.41,0.46,3,0,1
CL-0201,Klinika weterynaryjna,Polska,47,1,321,3,16736.78,0,0,0.0,34,0.79,0.19,2,1,0
CL-0202,Lekarz mobilny,Polska,6,2,600,1,3446.99,0,0,0.0,99,0.72,0.22,9,0,1
CL-0203,Klinika weterynaryjna,Polska,40,3,385,2,16828.96,1,36,0.13,178,0.32,0.06,8,0,0
CL-0204,Szpital weterynaryjny,Polska,41,3,544,2,6172.32,1,136,0.58,25,0.36,0.15,9,0,1
CL-0205,Klinika weterynaryjna,Francja,7,1,356,2,684.54,1,0,0.0,56,0.87,0.49,10,0,1
CL-0206,Szpital weterynaryjny,Polska,171,7,210,3,15670.69,1,99,0.68,91,0.53,0.43,3,0,0
CL-0207,Szpital weterynaryjny,Wielka Brytania,44,4,371,3,8782.31,0,0,0.0,98,0.57,0.12,2,0,0
CL-0208,Klinika weterynaryjna,Polska,43,1,242,2,15579.16,1,24,0.47,38,0.41,0.22,7,0,1
CL-0209,Szpital weterynaryjny,Polska,117,7,489,2,9303.98,1,50,0.66,113,0.83,0.15,6,0,1
CL-0210,Lekarz mobilny,Niemcy,4,2,566,1,7551.45,0,0,0.0,146,0.54,0.14,1,0,1
CL-0211,Klinika weterynaryjna,Polska,26,3,180,5,6529.92,0,0,0.0,35,0.41,0.26,4,0,0
CL-0212,Lekarz mobilny,Polska,4,2,491,2,17923.53,0,0,0.0,168,0.32,0.27,1,0,1
CL-0213,Lekarz mobilny,Polska,6,2,634,1,8749.52,0,0,0.0,112,0.68,0.09,9,0,1
CL-0214,Klinika weterynaryjna,Polska,25,5,425,2,15911.16,1,46,0.73,112,0.49,0.45,10,0,1
CL-0215,Klinika weterynaryjna,Polska,41,2,74,13,10739.31,0,0,0.0,175,0.78,0.16,2,0,1
CL-0216,Szpital weterynaryjny,Polska,116,10,362,2,837.4,1,104,0.08,141,0.73,0.48,5,0,0
CL-0217,Lekarz mobilny,Niemcy,8,2,353,2,16615.08,0,0,0.0,33,0.48,0.34,6,0,1
CL-0218,Klinika weterynaryjna,Polska,10,3,44,20,3808.56,1,2,0.0,133,0.71,0.3,3,0,0
CL-0219,Szpital weterynaryjny,Polska,195,8,349,3,7617.03,1,146,0.58,135,0.4,0.36,8,0,0
CL-0220,Klinika weterynaryjna,Polska,47,1,227,2,5956.47,1,29,0.85,152,0.3,0.11,4,1,0
CL-0221,Szpital weterynaryjny,Polska,76,3,435,1,5781.32,0,0,0.0,107,0.67,0.12,10,0,1
CL-0222,Klinika weterynaryjna,Polska,8,3,305,2,4088.21,1,0,0.0,85,0.95,0.29,6,0,1
CL-0223,Lekarz mobilny,Polska,6,1,655,1,17737.85,0,0,0.0,54,0.32,0.29,5,0,0
CL-0224,Szpital weterynaryjny,Polska,162,4,59,7,19481.1,0,0,0.0,175,0.38,0.05,7,0,1
CL-0225,Klinika weterynaryjna,Polska,32,5,99,8,6541.47,0,0,0.0,14,0.69,0.47,7,0,1
CL-0226,Szpital weterynaryjny,Polska,85,10,587,1,14162.29,0,0,0.0,129,0.68,0.47,6,0,1
CL-0227,Lekarz mobilny,Polska,8,2,49,9,17754.93,1,0,0.0,41,0.81,0.12,0,0,0
CL-0228,Lekarz mobilny,Polska,7,2,232,4,2106.68,0,0,0.0,69,0.79,0.12,5,0,0
CL-0229,Lekarz mobilny,Polska,2,1,723,1,2720.7,1,25,0.75,56,0.61,0.39,0,0,1
CL-0230,Szpital weterynaryjny,Polska,29,5,30,13,4009.95,1,96,0.57,41,0.83,0.15,2,0,0
CL-0231,Klinika weterynaryjna,Niemcy,47,5,377,2,9639.68,0,0,0.0,32,0.9,0.2,1,0,0
CL-0232,Klinika weterynaryjna,Polska,9,5,344,2,15791.3,1,17,0.51,118,0.53,0.21,9,0,1
CL-0233,Szpital weterynaryjny,Hiszpania,57,8,583,2,6184.04,1,65,0.13,141,0.49,0.38,0,0,1
CL-0234,Lekarz mobilny,Polska,7,1,304,3,2305.9,1,59,0.92,47,0.42,0.47,9,1,0
CL-0235,Klinika weterynaryjna,Polska,39,3,671,1,1167.76,0,0,0.0,95,0.89,0.15,8,0,1
CL-0236,Klinika weterynaryjna,Polska,8,3,43,18,17432.5,0,0,0.0,160,0.66,0.33,2,0,1
CL-0237,Klinika weterynaryjna,Polska,23,4,588,1,7268.38,1,23,0.04,80,0.46,0.44,9,0,1
CL-0238,Lekarz mobilny,Hiszpania,7,2,15,20,2582.8,1,60,0.37,119,0.37,0.2,10,0,1
CL-0239,Szpital weterynaryjny,Polska,26,3,625,1,13051.09,0,0,0.0,96,0.41,0.36,2,0,1
CL-0240,Klinika weterynaryjna,Polska,9,5,622,1,17498.48,1,29,0.72,32,0.45,0.49,5,0,1
CL-0241,Klinika weterynaryjna,Polska,12,1,539,2,12438.11,1,49,0.88,85,0.43,0.08,4,0,0
CL-0242,Lekarz mobilny,Polska,6,1,344,1,7491.14,1,57,0.18,105,0.7,0.38,7,0,1
CL-0243,Szpital weterynaryjny,Polska,164,4,338,3,7722.94,1,92,0.16,46,0.95,0.34,0,1,0
CL-0244,Szpital weterynaryjny,Polska,150,7,385,1,8151.4,1,98,0.42,118,0.89,0.17,10,0,1
CL-0245,Szpital weterynaryjny,Polska,160,8,563,1,13787.99,0,0,0.0,90,0.45,0.22,2,0,1
CL-0246,Klinika weterynaryjna,Polska,22,5,275,4,19729.07,1,50,0.74,43,0.57,0.05,8,0,1
CL-0247,Szpital weterynaryjny,Polska,36,4,664,1,8635.82,0,0,0.0,123,0.56,0.21,10,0,1
CL-0248,Klinika weterynaryjna,Polska,22,1,362,3,11939.18,1,59,0.59,106,0.43,0.22,6,0,0
CL-0249,Szpital weterynaryjny,Polska,148,8,644,1,7643.54,1,126,0.38,87,0.54,0.08,2,0,0
CL-0250,Klinika weterynaryjna,Polska,14,1,365,1,9587.36,1,56,0.89,82,0.61,0.34,7,0,1
CL-0251,Klinika weterynaryjna,Polska,13,5,398,1,15673.29,1,45,0.46,16,0.64,0.23,5,0,1
CL-0252,Klinika weterynaryjna,Wielka Brytania,11,3,85,5,11363.26,1,51,0.84,149,0.86,0.3,4,0,0
CL-0253,Szpital weterynaryjny,Polska,111,7,729,1,970.57,0,0,0.0,162,0.31,0.29,7,0,1
CL-0254,Klinika weterynaryjna,Polska,14,4,225,5,1309.47,0,0,0.0,37,0.41,0.18,7,0,1
CL-0255,Klinika weterynaryjna,Polska,25,4,64,12,13741.28,1,1,0.0,50,0.61,0.19,0,0,1
CL-0256,Lekarz mobilny,Polska,9,1,233,4,6929.11,1,0,0.0,61,0.74,0.46,3,0,1
CL-0257,Szpital weterynaryjny,Włochy,86,3,238,2,13031.8,1,56,0.86,76,0.64,0.35,1,1,0
CL-0258,Szpital weterynaryjny,Polska,96,6,465,2,13506.09,0,0,0.0,68,0.65,0.47,4,0,0
CL-0259,Szpital weterynaryjny,Polska,130,8,213,3,18489.8,0,0,0.0,138,0.37,0.09,7,0,0
CL-0260,Lekarz mobilny,Polska,5,1,337,1,3738.93,0,0,0.0,79,0.84,0.45,1,0,0
CL-0261,Lekarz mobilny,Polska,4,1,84,7,19984.58,0,0,0.0,3,0.43,0.23,10,0,0
CL-0262,Szpital weterynaryjny,Polska,92,4,50,19,10595.98,0,0,0.0,86,0.7,0.06,2,0,0
CL-0263,Szpital weterynaryjny,Polska,165,8,553,2,10607.7,0,0,0.0,119,0.46,0.48,8,0,1
CL-0264,Szpital weterynaryjny,Polska,99,7,666,1,2931.22,1,134,0.31,124,0.36,0.18,2,0,1
CL-0265,Szpital weterynaryjny,Polska,55,6,503,1,14596.8,0,0,0.0,116,0.73,0.34,6,0,1
CL-0266,Szpital weterynaryjny,Wielka Brytania,126,5,653,1,12706.64,1,124,0.34,37,0.51,0.07,0,0,0
CL-0267,Klinika weterynaryjna,Polska,19,2,659,1,14416.21,1,45,0.86,122,0.84,0.26,6,0,1
CL-0268,Szpital weterynaryjny,Polska,20,10,434,3,5874.64,1,72,0.36,57,0.31,0.49,5,1,0
CL-0269,Lekarz mobilny,Polska,1,1,453,2,2254.28,1,3,0.0,164,0.9,0.43,9,0,1
CL-0270,Klinika weterynaryjna,Polska,2,4,34,15,4649.5,1,0,0.0,52,0.94,0.08,3,0,1
CL-0271,Szpital weterynaryjny,Polska,24,4,699,1,5848.48,1,89,0.76,166,0.61,0.46,3,1,0
CL-0272,Lekarz mobilny,Polska,5,2,216,2,11896.67,1,54,0.13,34,0.74,0.45,1,1,0
CL-0273,Szpital weterynaryjny,Polska,150,5,527,1,16648.05,0,0,0.0,155,0.81,0.13,6,0,1
CL-0274,Szpital weterynaryjny,Polska,158,4,184,4,13492.71,1,92,0.47,110,0.32,0.42,4,0,0
CL-0275,Klinika weterynaryjna,Polska,30,3,329,2,1267.04,1,12,0.46,50,0.44,0.16,3,0,0
CL-0276,Szpital weterynaryjny,Polska,75,9,27,16,8776.31,0,0,0.0,54,0.78,0.19,3,0,0
CL-0277,Klinika weterynaryjna,Polska,2,4,379,1,18960.56,1,33,0.65,118,0.66,0.13,8,0,0
CL-0278,Klinika weterynaryjna,Polska,47,2,67,15,17702.82,1,45,0.6,168,0.62,0.07,10,0,0
CL-0279,Lekarz mobilny,Polska,5,1,500,1,3625.68,1,46,0.54,19,0.58,0.16,1,0,0
CL-0280,Szpital weterynaryjny,Włochy,86,4,183,6,5095.04,1,133,0.29,150,0.71,0.22,1,0,0
CL-0281,Szpital weterynaryjny,Polska,32,7,425,1,7344.38,0,0,0.0,134,0.92,0.34,2,0,1
CL-0282,Klinika weterynaryjna,Polska,3,5,582,1,875.05,1,54,0.23,14,0.85,0.32,1,1,0
CL-0283,Klinika weterynaryjna,Polska,33,4,711,1,14824.72,0,0,0.0,163,0.94,0.44,1,0,1
CL-0284,Lekarz mobilny,Polska,2,2,254,4,4385.12,1,12,0.2,30,0.75,0.45,8,0,0
CL-0285,Klinika weterynaryjna,Polska,36,2,22,20,3136.13,1,32,0.92,146,0.83,0.3,2,0,0
CL-0286,Lekarz mobilny,Polska,6,2,101,10,1527.96,1,21,0.88,175,0.61,0.2,0,0,0
CL-0287,Szpital weterynaryjny,Włochy,114,10,558,1,11846.7,0,0,0.0,62,0.77,0.41,9,0,1
CL-0288,Klinika weterynaryjna,Polska,25,4,347,2,19858.71,1,40,0.78,22,0.69,0.09,6,0,0
CL-0289,Szpital weterynaryjny,Niemcy,34,8,106,8,8205.35,1,47,0.83,180,0.89,0.27,9,0,1
CL-0290,Szpital weterynaryjny,Polska,141,5,517,2,19088.9,1,50,0.15,31,0.49,0.34,1,1,0
CL-0291,Klinika weterynaryjna,Niemcy,49,5,273,3,17840.13,1,29,0.19,63,0.34,0.35,2,0,0
CL-0292,Lekarz mobilny,Włochy,2,1,702,1,1668.77,1,0,0.0,95,0.68,0.16,2,0,1
CL-0293,Lekarz mobilny,Polska,6,1,566,2,11429.57,1,15,0.51,101,0.75,0.19,6,0,0
CL-0294,Klinika weterynaryjna,Polska,22,4,226,3,14591.7,0,0,0.0,74,0.35,0.26,2,0,0
CL-0295,Klinika weterynaryjna,Polska,16,2,594,2,2825.06,1,23,0.02,122,0.5,0.39,6,0,1
CL-0296,Lekarz mobilny,Francja,1,1,657,1,18739.92,1,0,0.0,166,0.33,0.38,3,0,1
CL-0297,Klinika weterynaryjna,Polska,11,5,684,1,14049.75,1,1,0.0,164,0.51,0.43,6,0,1
CL-0298,Lekarz mobilny,Wielka Brytania,6,1,360,3,3732.08,1,13,0.61,104,0.81,0.46,10,0,1
CL-0299,Szpital weterynaryjny,Wielka Brytania,129,7,355,2,5679.08,0,0,0.0,75,0.72,0.06,6,0,0
CL-0300,Szpital weterynaryjny,Polska,138,8,558,1,2091.15,1,37,0.79,176,0.66,0.15,0,0,1
CL-0301,Szpital weterynaryjny,Polska,44,5,193,2,16940.23,0,0,0.0,40,0.88,0.26,3,0,0
CL-0302,Lekarz mobilny,Polska,1,1,34,20,15561.23,1,12,0.07,17,0.87,0.42,2,0,0
CL-0303,Szpital weterynaryjny,Polska,159,3,631,1,10918.08,0,0,0.0,139,0.51,0.07,3,0,0
CL-0304,Lekarz mobilny,Polska,8,1,185,4,9371.07,1,5,0.0,31,0.5,0.5,8,0,0
CL-0305,Szpital weterynaryjny,Polska,110,6,730,1,9856.96,1,122,0.84,159,0.51,0.2,1,0,1
CL-0306,Klinika weterynaryjna,Włochy,4,2,39,19,11554.77,0,0,0.0,66,0.39,0.36,4,0,0
CL-0307,Szpital weterynaryjny,Polska,35,5,288,3,6155.28,1,116,0.92,19,0.88,0.2,6,0,1
CL-0308,Lekarz mobilny,Polska,7,1,480,2,1627.08,1,7,0.15,6,0.41,0.41,1,0,0
CL-0309,Lekarz mobilny,Wielka Brytania,3,1,317,3,3528.8,1,39,0.68,80,0.63,0.5,4,1,0
CL-0310,Szpital weterynaryjny,Polska,160,4,346,3,9132.68,0,0,0.0,75,0.65,0.46,7,0,0
CL-0311,Lekarz mobilny,Polska,5,1,241,3,1928.04,1,28,0.55,40,0.8,0.35,4,0,0
CL-0312,Szpital weterynaryjny,Polska,111,4,429,1,9702.54,1,83,0.26,16,0.37,0.17,3,0,0
CL-0313,Klinika weterynaryjna,Polska,29,3,97,6,15870.95,0,0,0.0,48,0.79,0.23,8,0,1
CL-0314,Klinika weterynaryjna,Polska,29,1,69,14,14165.0,1,25,0.06,142,0.4,0.45,3,0,0
CL-0315,Klinika weterynaryjna,Polska,43,1,26,20,11548.27,1,54,0.32,1,0.51,0.13,2,0,0
CL-0316,Klinika weterynaryjna,Polska,45,3,448,2,16477.59,0,0,0.0,165,0.44,0.45,1,0,1
CL-0317,Lekarz mobilny,Polska,8,2,246,3,9596.93,1,15,0.73,180,0.41,0.15,0,0,0
CL-0318,Lekarz mobilny,Polska,10,1,145,5,4867.39,1,31,0.14,31,0.52,0.07,2,0,0
CL-0319,Lekarz mobilny,Francja,5,2,591,1,19131.51,0,0,0.0,102,0.32,0.09,1,0,0
CL-0320,Klinika weterynaryjna,Francja,3,3,379,1,12440.6,1,31,0.59,153,0.64,0.09,2,0,0
CL-0321,Szpital weterynaryjny,Polska,142,3,685,1,8522.92,1,117,0.31,28,0.83,0.08,2,0,0
CL-0322,Lekarz mobilny,Polska,8,2,283,3,9741.21,1,33,0.35,159,0.57,0.3,8,0,1
CL-0323,Klinika weterynaryjna,Polska,20,3,610,1,5306.77,1,32,0.85,166,0.71,0.39,10,0,1
CL-0324,Klinika weterynaryjna,Polska,38,1,507,2,12200.5,0,0,0.0,52,0.6,0.35,9,0,1
CL-0325,Szpital weterynaryjny,Polska,88,8,691,1,10741.62,0,0,0.0,130,0.52,0.23,8,0,1
CL-0326,Szpital weterynaryjny,Polska,91,10,293,1,15161.45,1,82,0.62,31,0.42,0.46,7,1,0
CL-0327,Klinika weterynaryjna,Polska,8,1,227,2,16220.8,1,43,0.13,37,0.86,0.16,5,0,0
CL-0328,Lekarz mobilny,Polska,2,2,658,1,7366.59,0,0,0.0,20,0.93,0.2,9,0,1
CL-0329,Klinika weterynaryjna,Polska,10,2,587,1,18561.95,1,57,0.33,35,0.42,0.35,7,0,1
CL-0330,Klinika weterynaryjna,Polska,41,3,557,2,10416.21,1,54,0.01,137,0.75,0.33,9,1,0
CL-0331,Lekarz mobilny,Polska,4,1,560,2,19529.31,0,0,0.0,102,0.37,0.47,0,0,1
CL-0332,Szpital weterynaryjny,Wielka Brytania,77,7,648,2,12011.52,1,103,0.22,46,0.85,0.45,1,1,0
CL-0333,Szpital weterynaryjny,Francja,155,4,458,2,5965.05,1,128,0.35,90,0.83,0.11,3,0,1
CL-0334,Szpital weterynaryjny,Polska,89,9,164,4,3562.25,1,139,0.84,159,0.37,0.13,6,0,1
CL-0335,Lekarz mobilny,Polska,3,2,692,2,10423.55,1,25,0.29,57,0.35,0.48,9,1,0
CL-0336,Szpital weterynaryjny,Polska,179,7,397,2,7009.77,1,126,0.0,170,0.33,0.18,8,0,0
CL-0337,Klinika weterynaryjna,Polska,41,3,480,2,11117.51,1,15,0.1,109,0.39,0.16,7,0,1
CL-0338,Klinika weterynaryjna,Polska,46,1,511,1,14945.11,1,58,0.56,101,0.32,0.16,2,0,0
CL-0339,Klinika weterynaryjna,Polska,33,5,137,6,10327.48,1,37,0.37,66,0.78,0.18,10,0,0
CL-0340,Klinika weterynaryjna,Polska,29,2,479,2,12896.34,0,0,0.0,2,0.8,0.38,7,0,0
CL-0341,Lekarz mobilny,Francja,4,1,658,2,5282.21,0,0,0.0,47,0.47,0.21,7,0,0
CL-0342,Klinika weterynaryjna,Polska,29,3,443,1,11283.89,0,0,0.0,111,0.83,0.21,8,0,1
CL-0343,Lekarz mobilny,Polska,10,2,80,13,7626.39,1,36,0.25,179,0.34,0.17,0,0,0
CL-0344,Szpital weterynaryjny,Polska,142,6,623,1,18542.56,1,79,0.09,76,0.69,0.33,0,1,0
CL-0345,Szpital weterynaryjny,Polska,79,10,33,20,17040.62,0,0,0.0,167,0.37,0.06,0,0,1
CL-0346,Szpital weterynaryjny,Polska,70,4,671,1,8441.0,1,47,0.42,39,0.83,0.22,0,0,0
CL-0347,Szpital weterynaryjny,Włochy,142,9,69,11,9077.82,1,142,0.3,139,0.6,0.1,6,0,1
CL-0348,Lekarz mobilny,Polska,4,2,230,2,9733.84,1,0,0.0,51,0.51,0.14,4,0,1
CL-0349,Lekarz mobilny,Polska,7,1,462,1,4582.04,1,23,0.87,24,0.77,0.19,5,0,0
CL-0350,Szpital weterynaryjny,Polska,106,10,98,5,9070.83,0,0,0.0,152,0.73,0.25,2,0,1
CL-0351,Klinika weterynaryjna,Polska,19,2,529,1,13454.63,1,28,0.66,60,0.35,0.46,9,0,1
CL-0352,Szpital weterynaryjny,Polska,149,5,585,2,958.69,1,108,0.09,171,0.49,0.41,3,0,1
CL-0353,Szpital weterynaryjny,Włochy,23,8,282,3,11870.68,1,100,0.81,175,0.9,0.34,8,1,0
CL-0354,Szpital weterynaryjny,Polska,151,5,316,3,6238.78,1,52,0.86,110,0.68,0.16,10,0,0
CL-0355,Lekarz mobilny,Polska,7,2,197,5,15008.36,0,0,0.0,124,0.55,0.19,2,0,0
CL-0356,Klinika weterynaryjna,Polska,3,5,395,3,19745.28,1,34,0.5,174,0.78,0.32,10,0,1
CL-0357,Szpital weterynaryjny,Polska,38,6,51,20,11257.52,1,130,0.95,128,0.55,0.41,1,0,0
CL-0358,Szpital weterynaryjny,Polska,112,5,436,1,16907.63,1,132,0.51,58,0.74,0.42,0,1,0
CL-0359,Szpital weterynaryjny,Włochy,35,6,293,2,16791.29,0,0,0.0,93,0.52,0.36,1,0,1
CL-0360,Lekarz mobilny,Polska,3,2,519,2,12290.7,0,0,0.0,153,0.62,0.16,8,0,1
CL-0361,Klinika weterynaryjna,Polska,36,3,14,20,11720.11,0,0,0.0,9,0.33,0.08,2,0,0
CL-0362,Klinika weterynaryjna,Hiszpania,34,2,708,1,15341.46,1,23,0.44,46,0.65,0.23,2,0,1
CL-0363,Szpital weterynaryjny,Polska,176,8,342,2,18136.97,1,34,0.85,57,0.66,0.1,10,0,1
CL-0364,Szpital weterynaryjny,Polska,109,8,268,2,15219.88,1,35,0.46,112,0.41,0.49,5,0,0
CL-0365,Szpital weterynaryjny,Polska,100,3,653,1,14745.51,1,98,0.02,116,0.49,0.25,9,0,1
CL-0366,Szpital weterynaryjny,Wielka Brytania,122,9,68,9,4673.2,1,114,0.81,82,0.4,0.19,0,0,0
CL-0367,Klinika weterynaryjna,Polska,17,3,550,1,14549.03,0,0,0.0,80,0.73,0.24,1,0,0
CL-0368,Lekarz mobilny,Polska,5,2,406,1,14667.21,1,50,0.69,87,0.39,0.16,4,0,0
CL-0369,Lekarz mobilny,Włochy,5,1,425,3,16431.46,0,0,0.0,154,0.53,0.2,3,0,1
CL-0370,Lekarz mobilny,Polska,2,2,61,10,2959.21,0,0,0.0,111,0.36,0.15,3,0,1
CL-0371,Szpital weterynaryjny,Polska,113,9,222,3,18921.89,1,127,0.54,22,0.51,0.44,1,1,0
CL-0372,Szpital weterynaryjny,Polska,46,3,602,1,14936.72,0,0,0.0,154,0.43,0.33,2,0,1
CL-0373,Lekarz mobilny,Polska,6,1,615,1,13601.48,1,1,0.0,44,0.92,0.29,4,0,1
CL-0374,Klinika weterynaryjna,Polska,50,4,449,1,18016.32,0,0,0.0,23,0.46,0.36,3,0,0
CL-0375,Szpital weterynaryjny,Polska,94,10,300,3,13939.02,1,55,0.61,107,0.45,0.08,8,0,1
CL-0376,Szpital weterynaryjny,Polska,160,5,257,4,13905.4,1,57,0.21,134,0.46,0.18,1,0,0
CL-0377,Lekarz mobilny,Polska,6,2,72,13,15557.45,1,24,0.46,46,0.92,0.14,0,0,0
CL-0378,Szpital weterynaryjny,Polska,103,10,677,1,4806.09,0,0,0.0,70,0.51,0.21,8,0,1
CL-0379,Lekarz mobilny,Polska,1,1,413,1,8920.65,0,0,0.0,139,0.48,0.21,9,0,1
CL-0380,Lekarz mobilny,Francja,3,1,504,1,19352.41,1,51,0.64,9,0.44,0.32,3,1,0
CL-0381,Klinika weterynaryjna,Polska,24,5,649,2,10055.58,1,0,0.0,67,0.62,0.16,0,0,1
CL-0382,Lekarz mobilny,Polska,3,2,676,1,19171.14,1,15,0.02,155,0.36,0.13,4,0,0
CL-0383,Szpital weterynaryjny,Hiszpania,45,10,369,2,12569.73,0,0,0.0,4,0.78,0.26,5,0,0
CL-0384,Lekarz mobilny,Wielka Brytania,5,1,586,2,14988.76,1,29,0.31,21,0.59,0.36,5,0,1
CL-0385,Szpital weterynaryjny,Polska,73,3,375,1,3146.08,1,96,0.28,158,0.89,0.42,5,0,1
CL-0386,Szpital weterynaryjny,Polska,123,6,181,4,4023.95,1,137,0.48,143,0.65,0.27,6,0,0
CL-0387,Lekarz mobilny,Polska,4,1,152,4,8761.75,0,0,0.0,76,0.65,0.49,1,0,0
CL-0388,Klinika weterynaryjna,Polska,25,5,345,3,2516.76,1,50,0.94,143,0.42,0.23,5,0,0
CL-0389,Klinika weterynaryjna,Polska,2,1,362,2,9648.88,1,54,0.48,6,0.8,0.42,5,1,0
CL-0390,Szpital weterynaryjny,Polska,116,10,377,1,12711.74,1,128,0.69,120,0.33,0.22,10,0,1
CL-0391,Klinika weterynaryjna,Polska,32,5,288,2,9078.23,1,4,0.0,101,0.5,0.45,9,0,1
CL-0392,Lekarz mobilny,Polska,5,1,375,2,19437.59,0,0,0.0,173,0.72,0.06,3,0,1
CL-0393,Lekarz mobilny,Polska,9,1,470,1,19314.34,0,0,0.0,126,0.89,0.27,6,0,1
CL-0394,Klinika weterynaryjna,Polska,19,5,284,3,9860.54,0,0,0.0,60,0.83,0.37,1,0,0
CL-0395,Klinika weterynaryjna,Polska,29,1,90,6,12022.61,0,0,0.0,26,0.71,0.09,10,0,1
CL-0396,Lekarz mobilny,Polska,5,1,149,4,16902.35,1,24,0.21,5,0.67,0.47,4,1,0
CL-0397,Klinika weterynaryjna,Francja,36,1,510,2,3917.64,1,35,0.9,81,0.57,0.24,1,0,1
CL-0398,Klinika weterynaryjna,Polska,16,2,647,1,4608.48,1,48,0.77,166,0.94,0.36,7,1,0
CL-0399,Lekarz mobilny,Polska,6,2,678,1,13572.57,1,59,0.61,48,0.93,0.44,4,0,0
CL-0400,Klinika weterynaryjna,Polska,25,3,557,1,11558.77,0,0,0.0,66,0.32,0.18,10,0,1
CL-0401,Lekarz mobilny,Polska,6,2,147,3,3895.25,0,0,0.0,104,0.91,0.48,2,0,0
CL-0402,Szpital weterynaryjny,Polska,131,3,628,2,19036.3,1,143,0.21,81,0.43,0.42,10,0,1
CL-0403,Szpital weterynaryjny,Polska,189,6,267,3,9083.53,1,34,0.48,93,0.85,0.24,5,0,0
CL-0404,Szpital weterynaryjny,Polska,150,5,172,5,2213.8,1,111,0.89,152,0.4,0.07,3,0,0
CL-0405,Klinika weterynaryjna,Polska,29,2,215,4,4314.27,0,0,0.0,84,0.37,0.47,2,0,0
CL-0406,Lekarz mobilny,Polska,5,2,322,2,4617.47,0,0,0.0,78,0.45,0.24,5,0,0
CL-0407,Klinika weterynaryjna,Włochy,34,2,186,6,12550.22,0,0,0.0,125,0.62,0.27,10,1,1
CL-0408,Klinika weterynaryjna,Hiszpania,6,1,576,1,8194.62,1,0,0.0,154,0.9,0.2,0,0,1
CL-0409,Klinika weterynaryjna,Polska,43,4,126,8,4382.83,1,0,0.0,84,0.94,0.26,9,0,1
CL-0410,Szpital weterynaryjny,Hiszpania,193,4,348,2,14009.87,1,72,0.64,125,0.49,0.45,8,0,0
CL-0411,Lekarz mobilny,Polska,7,1,10,20,14149.68,0,0,0.0,13,0.39,0.46,10,0,1
CL-0412,Lekarz mobilny,Polska,7,2,730,1,3042.63,0,0,0.0,122,0.49,0.22,1,0,1
CL-0413,Lekarz mobilny,Polska,4,2,719,1,2234.58,0,0,0.0,31,0.7,0.25,6,0,1
CL-0414,Szpital weterynaryjny,Polska,164,8,451,2,767.4,1,33,0.18,27,0.74,0.2,5,0,1
CL-0415,Klinika weterynaryjna,Polska,11,4,273,2,4337.93,0,0,0.0,51,0.42,0.14,8,0,1
CL-0416,Lekarz mobilny,Polska,2,1,540,1,4675.53,1,10,0.1,95,0.75,0.07,2,0,1
CL-0417,Lekarz mobilny,Włochy,4,2,718,1,4119.94,1,48,0.12,148,0.3,0.14,7,0,1
CL-0418,Lekarz mobilny,Francja,4,1,388,2,2571.51,1,48,0.49,51,0.76,0.14,4,0,0
CL-0419,Lekarz mobilny,Polska,1,1,127,7,12928.85,1,5,0.0,54,0.83,0.41,6,0,0
CL-0420,Szpital weterynaryjny,Polska,157,5,598,1,7115.33,0,0,0.0,41,0.33,0.43,2,0,1
CL-0421,Lekarz mobilny,Wielka Brytania,6,1,72,12,6980.66,1,9,0.01,160,0.63,0.17,8,0,1
CL-0422,Klinika weterynaryjna,Włochy,30,2,484,1,16429.45,1,8,0.31,118,0.76,0.29,9,0,1
CL-0423,Szpital weterynaryjny,Polska,144,7,121,4,6304.16,1,109,0.47,4,0.46,0.16,9,0,1
CL-0424,Lekarz mobilny,Polska,10,1,96,6,19052.76,1,16,0.71,6,0.78,0.27,9,0,1
CL-0425,Klinika weterynaryjna,Wielka Brytania,26,2,70,6,17774.9,1,9,0.05,106,0.43,0.33,4,0,0
CL-0426,Lekarz mobilny,Polska,7,2,329,2,1000.57,1,56,0.84,62,0.87,0.45,7,0,1
CL-0427,Klinika weterynaryjna,Polska,7,3,59,13,2450.08,1,57,0.76,36,0.55,0.12,4,0,0
CL-0428,Lekarz mobilny,Polska,2,1,315,2,13614.78,1,26,0.56,85,0.73,0.1,2,0,0
CL-0429,Lekarz mobilny,Wielka Brytania,7,1,162,3,8081.06,0,0,0.0,179,0.53,0.15,5,0,0
CL-0430,Lekarz mobilny,Polska,2,2,389,2,9014.69,0,0,0.0,176,0.49,0.33,9,0,1
CL-0431,Lekarz mobilny,Polska,5,2,247,3,5678.57,1,39,0.75,95,0.54,0.39,1,0,0
CL-0432,Szpital weterynaryjny,Polska,22,8,137,3,6857.82,1,82,0.95,127,0.83,0.11,8,0,0
CL-0433,Lekarz mobilny,Polska,1,1,404,2,10051.38,1,60,0.57,152,0.4,0.05,9,0,1
CL-0434,Lekarz mobilny,Polska,2,2,448,2,2339.13,1,44,0.33,94,0.37,0.05,1,0,0
CL-0435,Lekarz mobilny,Polska,5,1,476,1,589.76,1,26,0.53,66,0.78,0.22,5,0,0
CL-0436,Klinika weterynaryjna,Polska,4,3,187,4,16155.05,1,41,0.36,170,0.44,0.28,5,0,0
CL-0437,Lekarz mobilny,Polska,1,1,82,5,5922.96,0,0,0.0,116,0.64,0.35,8,0,0
CL-0438,Szpital weterynaryjny,Polska,190,7,126,7,16978.98,0,0,0.0,5,0.6,0.24,7,0,1
CL-0439,Szpital weterynaryjny,Polska,146,6,712,1,15956.96,1,43,0.81,103,0.74,0.09,6,0,1
CL-0440,Klinika weterynaryjna,Polska,2,1,342,3,12708.28,1,36,0.57,50,0.53,0.11,9,0,1
CL-0441,Klinika weterynaryjna,Polska,35,1,398,3,3856.21,1,37,0.4,177,0.33,0.11,0,0,1
CL-0442,Klinika weterynaryjna,Polska,27,2,137,8,8431.75,1,22,0.04,17,0.44,0.11,10,0,1
CL-0443,Klinika weterynaryjna,Polska,16,3,617,2,10006.63,1,46,0.78,58,0.62,0.46,7,0,1
CL-0444,Lekarz mobilny,Polska,10,1,644,1,14093.6,0,0,0.0,108,0.7,0.32,5,0,1
CL-0445,Klinika weterynaryjna,Polska,47,2,498,1,17411.61,1,58,0.66,18,0.87,0.13,3,0,0
CL-0446,Lekarz mobilny,Polska,4,2,166,5,17855.01,1,33,0.78,126,0.88,0.49,0,1,0
CL-0447,Klinika weterynaryjna,Polska,47,1,355,3,8029.68,1,13,0.07,142,0.84,0.46,9,0,1
CL-0448,Lekarz mobilny,Polska,6,2,602,1,3308.54,0,0,0.0,72,0.39,0.33,4,0,0
CL-0449,Szpital weterynaryjny,Polska,152,7,322,3,8161.21,0,0,0.0,45,0.75,0.35,7,0,1
CL-0450,Lekarz mobilny,Polska,9,1,340,2,18287.01,0,0,0.0,32,0.64,0.21,3,0,0
CL-0451,Klinika weterynaryjna,Wielka Brytania,31,2,254,4,18582.93,1,60,0.35,60,0.65,0.35,8,0,1
CL-0452,Klinika weterynaryjna,Polska,15,3,249,2,13026.17,1,0,0.0,123,0.91,0.35,0,0,1
CL-0453,Szpital weterynaryjny,Polska,93,7,494,2,5165.05,1,148,0.21,49,0.89,0.15,2,0,0
CL-0454,Szpital weterynaryjny,Polska,67,3,582,1,3781.23,1,64,0.54,162,0.57,0.11,1,0,0
CL-0455,Lekarz mobilny,Polska,10,2,310,2,7250.22,1,27,0.21,75,0.32,0.29,7,0,1
CL-0456,Klinika weterynaryjna,Polska,50,3,423,1,16131.58,1,15,0.79,69,0.54,0.39,1,1,0
CL-0457,Klinika weterynaryjna,Polska,46,5,385,2,3962.8,1,46,0.51,167,0.32,0.31,5,0,1
CL-0458,Szpital weterynaryjny,Włochy,154,10,612,1,15988.01,1,147,0.71,51,0.53,0.2,0,0,0
CL-0459,Klinika weterynaryjna,Wielka Brytania,42,5,106,9,14157.94,1,0,0.0,76,0.52,0.24,10,0,1
CL-0460,Szpital weterynaryjny,Polska,197,3,409,2,18384.36,1,109,0.75,101,0.69,0.15,0,0,1
CL-0461,Lekarz mobilny,Polska,6,1,272,2,14334.59,1,19,0.14,80,0.75,0.22,2,0,0
CL-0462,Lekarz mobilny,Polska,1,1,414,1,19459.59,0,0,0.0,115,0.53,0.15,1,0,1
CL-0463,Szpital weterynaryjny,Polska,63,5,84,4,8997.32,1,67,0.17,174,0.64,0.3,8,0,1
CL-0464,Lekarz mobilny,Polska,5,2,126,5,11332.15,1,53,0.33,47,0.86,0.35,4,1,0
CL-0465,Lekarz mobilny,Polska,6,1,94,10,16397.54,1,46,0.11,161,0.88,0.14,3,0,0
CL-0466,Szpital weterynaryjny,Polska,100,10,74,14,13158.21,0,0,0.0,114,0.38,0.29,6,0,1
CL-0467,Klinika weterynaryjna,Polska,33,5,247,2,8096.45,1,32,0.63,60,0.64,0.36,2,0,0
CL-0468,Lekarz mobilny,Polska,2,2,247,3,12872.99,1,0,0.0,88,0.9,0.2,5,0,1
CL-0469,Klinika weterynaryjna,Polska,48,4,258,3,18094.46,0,0,0.0,46,0.44,0.41,3,0,0
CL-0470,Szpital weterynaryjny,Polska,96,4,142,5,10814.47,1,102,0.93,14,0.66,0.39,5,1,0
CL-0471,Klinika weterynaryjna,Polska,31,4,416,3,9741.33,0,0,0.0,66,0.87,0.5,2,0,0
CL-0472,Lekarz mobilny,Polska,10,2,192,3,1552.74,1,35,0.22,171,0.47,0.25,1,0,0
CL-0473,Klinika weterynaryjna,Polska,37,5,140,4,17114.26,1,9,0.66,165,0.41,0.3,2,0,0
CL-0474,Szpital weterynaryjny,Włochy,54,9,667,1,11893.84,1,59,0.86,11,0.41,0.23,3,0,0
CL-0475,Klinika weterynaryjna,Polska,33,1,283,2,11352.68,1,54,0.35,172,0.31,0.34,6,0,0
CL-0476,Lekarz mobilny,Polska,9,2,652,1,19813.01,0,0,0.0,69,0.81,0.2,10,0,1
CL-0477,Szpital weterynaryjny,Hiszpania,72,6,475,1,651.82,0,0,0.0,41,0.73,0.49,10,0,0
CL-0478,Klinika weterynaryjna,Polska,15,5,64,13,3420.53,0,0,0.0,19,0.48,0.19,10,0,0
CL-0479,Klinika weterynaryjna,Francja,13,5,159,3,17859.81,1,17,0.67,88,0.33,0.31,10,0,0
CL-0480,Szpital weterynaryjny,Polska,79,9,414,1,17755.3,0,0,0.0,79,0.61,0.08,6,0,1
CL-0481,Klinika weterynaryjna,Polska,11,2,137,5,5186.74,1,13,0.87,88,0.91,0.3,2,0,0
CL-0482,Klinika weterynaryjna,Polska,7,2,426,2,3015.51,0,0,0.0,94,0.63,0.33,2,0,0
CL-0483,Klinika weterynaryjna,Polska,4,4,272,4,1276.29,1,25,0.7,102,0.94,0.28,0,0,0
CL-0484,Lekarz mobilny,Polska,2,1,146,6,16565.84,1,37,0.21,101,0.93,0.35,2,1,0
CL-0485,Szpital weterynaryjny,Polska,35,5,651,2,14499.96,1,140,0.65,70,0.82,0.17,4,0,0
CL-0486,Lekarz mobilny,Wielka Brytania,8,2,198,5,13934.72,1,58,0.45,178,0.91,0.33,3,0,0
CL-0487,Szpital weterynaryjny,Polska,44,4,450,2,13759.31,0,0,0.0,83,0.9,0.24,7,0,0
CL-0488,Lekarz mobilny,Polska,8,1,329,2,5172.26,1,59,0.63,162,0.67,0.18,8,0,0
CL-0489,Szpital weterynaryjny,Polska,69,7,212,2,4419.78,1,58,0.26,29,0.82,0.06,9,0,1
CL-0490,Lekarz mobilny,Polska,2,2,59,9,8209.76,1,31,0.32,100,0.89,0.28,7,0,0
CL-0491,Szpital weterynaryjny,Polska,189,9,431,2,15466.17,1,86,0.25,67,0.78,0.26,1,0,0
CL-0492,Lekarz mobilny,Polska,2,2,438,2,16858.49,1,22,0.09,67,0.9,0.4,6,0,1
CL-0493,Lekarz mobilny,Polska,3,1,199,4,8006.13,1,52,0.73,14,0.59,0.26,5,0,0
CL-0494,Klinika weterynaryjna,Polska,4,3,273,1,16700.9,0,0,0.0,81,0.49,0.48,9,0,1
CL-0495,Lekarz mobilny,Polska,9,2,631,1,17406.8,1,7,0.28,111,0.56,0.45,10,0,1
CL-0496,Lekarz mobilny,Polska,2,2,543,1,16454.71,1,32,0.64,52,0.8,0.36,7,1,1
CL-0497,Klinika weterynaryjna,Polska,15,3,645,2,4142.65,1,49,0.32,40,0.42,0.43,3,1,0
CL-0498,Lekarz mobilny,Polska,6,1,717,1,15608.78,1,6,0.8,47,0.8,0.19,9,0,1
CL-0499,Lekarz mobilny,Polska,1,1,401,2,9530.21,1,53,0.28,94,0.63,0.33,4,1,0
CL-0500,Klinika weterynaryjna,Francja,29,4,565,2,991.2,0,0,0.0,180,0.76,0.29,8,0,0
CL-0501,Lekarz mobilny,Polska,5,2,169,5,12280.67,0,0,0.0,77,0.73,0.24,5,0,0
CL-0502,Lekarz mobilny,Polska,1,2,506,1,9983.84,1,39,0.46,98,0.74,0.22,5,0,0
CL-0503,Lekarz mobilny,Polska,6,1,534,2,2052.21,0,0,0.0,29,0.51,0.49,0,0,1
CL-0504,Szpital weterynaryjny,Polska,60,3,712,1,7720.06,0,0,0.0,85,0.38,0.31,1,0,0
CL-0505,Klinika weterynaryjna,Wielka Brytania,4,3,605,1,7259.26,0,0,0.0,85,0.67,0.07,3,0,1
CL-0506,Klinika weterynaryjna,Hiszpania,20,1,107,7,19450.14,1,0,0.0,29,0.73,0.24,8,0,0
CL-0507,Szpital weterynaryjny,Polska,158,4,720,1,2151.87,1,48,0.52,146,0.75,0.43,10,0,1
CL-0508,Szpital weterynaryjny,Polska,125,8,689,1,953.3,0,0,0.0,121,0.68,0.22,9,0,1
CL-0509,Klinika weterynaryjna,Polska,4,1,658,1,3888.47,1,55,0.47,21,0.49,0.44,9,0,0
CL-0510,Lekarz mobilny,Włochy,2,2,351,2,8344.18,1,6,0.92,40,0.74,0.43,0,0,0
CL-0511,Szpital weterynaryjny,Polska,42,10,660,1,15993.86,0,0,0.0,112,0.49,0.39,3,0,1
CL-0512,Lekarz mobilny,Polska,7,2,483,2,10722.43,1,55,0.4,139,0.79,0.2,8,0,1
CL-0513,Lekarz mobilny,Francja,9,2,649,1,7237.11,1,10,0.12,26,0.63,0.41,1,0,0
CL-0514,Klinika weterynaryjna,Polska,2,5,229,3,3024.01,1,18,0.92,101,0.34,0.3,8,0,1
CL-0515,Klinika weterynaryjna,Niemcy,50,1,244,4,12762.8,1,50,0.0,146,0.9,0.14,0,0,0
CL-0516,Lekarz mobilny,Polska,4,1,665,2,19458.1,1,55,0.91,180,0.52,0.43,6,1,0
CL-0517,Klinika weterynaryjna,Włochy,13,2,701,2,10720.57,1,12,0.06,144,0.63,0.36,10,0,1
CL-0518,Szpital weterynaryjny,Polska,108,7,18,20,11108.7,0,0,0.0,166,0.51,0.25,1,0,1
CL-0519,Lekarz mobilny,Polska,5,1,565,1,19054.74,0,0,0.0,43,0.88,0.16,9,0,1
CL-0520,Szpital weterynaryjny,Włochy,172,7,672,1,8282.82,1,34,0.56,168,0.67,0.39,7,0,1
CL-0521,Klinika weterynaryjna,Polska,39,2,653,2,18531.17,1,49,0.18,42,0.74,0.1,5,0,0
CL-0522,Szpital weterynaryjny,Polska,62,9,490,2,3558.68,0,0,0.0,76,0.44,0.15,1,0,0
CL-0523,Klinika weterynaryjna,Polska,49,2,203,2,11781.94,1,13,0.31,25,0.48,0.15,2,0,0
CL-0524,Klinika weterynaryjna,Polska,15,4,437,2,7568.57,1,58,0.76,23,0.78,0.28,5,0,0
CL-0525,Klinika weterynaryjna,Polska,50,2,686,1,17357.28,0,0,0.0,138,0.35,0.37,7,0,1
CL-0526,Klinika weterynaryjna,Polska,30,5,384,1,2935.21,1,54,0.88,72,0.39,0.39,1,0,0
CL-0527,Szpital weterynaryjny,Polska,69,8,70,12,1550.71,1,71,0.95,62,0.83,0.13,6,0,1
CL-0528,Lekarz mobilny,Polska,3,1,490,2,7690.58,0,0,0.0,8,0.66,0.42,4,0,1
CL-0529,Klinika weterynaryjna,Francja,12,1,56,11,16566.93,0,0,0.0,13,0.44,0.38,6,0,1
CL-0530,Klinika weterynaryjna,Wielka Brytania,46,4,564,1,17615.4,1,54,0.0,39,0.52,0.22,6,0,1
CL-0531,Szpital weterynaryjny,Polska,121,7,508,1,17127.62,1,34,0.65,81,0.93,0.25,0,0,1
CL-0532,Lekarz mobilny,Polska,6,1,391,1,16163.14,1,16,0.33,76,0.59,0.07,4,0,0
CL-0533,Szpital weterynaryjny,Polska,24,3,345,2,10835.3,0,0,0.0,60,0.82,0.21,7,0,1
CL-0534,Szpital weterynaryjny,Polska,57,3,565,1,13227.55,1,66,0.29,40,0.52,0.42,8,0,1
CL-0535,Szpital weterynaryjny,Francja,179,9,327,2,3808.36,0,0,0.0,4,0.36,0.08,5,0,0
CL-0536,Szpital weterynaryjny,Polska,49,8,20,20,5297.12,1,133,0.45,144,0.94,0.38,6,0,1
CL-0537,Lekarz mobilny,Wielka Brytania,9,2,689,1,15279.76,1,23,0.34,138,0.81,0.32,7,0,1
CL-0538,Klinika weterynaryjna,Polska,11,2,531,2,9052.85,1,28,0.56,122,0.32,0.45,7,0,1
CL-0539,Szpital weterynaryjny,Polska,199,7,405,1,14066.28,0,0,0.0,73,0.33,0.28,3,0,1
CL-0540,Lekarz mobilny,Polska,2,2,406,1,9604.78,0,0,0.0,141,0.93,0.46,10,0,1
CL-0541,Lekarz mobilny,Polska,8,1,60,14,14936.03,0,0,0.0,82,0.81,0.38,10,0,1
CL-0542,Lekarz mobilny,Polska,4,2,719,1,16481.14,1,27,0.7,120,0.63,0.15,10,0,1
CL-0543,Szpital weterynaryjny,Polska,97,4,482,2,19966.04,1,90,0.33,147,0.65,0.13,2,0,0
CL-0544,Szpital weterynaryjny,Polska,51,8,657,2,12018.33,1,48,0.51,99,0.36,0.3,4,0,0
CL-0545,Klinika weterynaryjna,Polska,20,4,235,2,8529.84,1,56,0.08,180,0.9,0.4,5,1,0
CL-0546,Szpital weterynaryjny,Polska,150,3,227,5,10818.27,1,100,0.12,15,0.32,0.49,0,0,0
CL-0547,Lekarz mobilny,Polska,5,2,227,4,19894.45,1,30,0.54,38,0.65,0.46,2,0,0
CL-0548,Szpital weterynaryjny,Polska,55,9,470,1,13444.02,0,0,0.0,13,0.66,0.06,4,0,0
CL-0549,Lekarz mobilny,Francja,3,2,448,2,14798.01,0,0,0.0,98,0.75,0.13,3,0,0
CL-0550,Klinika weterynaryjna,Polska,21,3,516,2,1139.04,1,57,0.91,141,0.6,0.06,2,0,0
CL-0551,Klinika weterynaryjna,Polska,8,2,655,2,7241.81,1,14,0.89,65,0.38,0.22,5,0,1
CL-0552,Lekarz mobilny,Polska,3,2,690,1,2770.42,1,23,0.89,33,0.63,0.28,2,0,0
CL-0553,Lekarz mobilny,Wielka Brytania,10,2,281,4,10342.19,1,14,0.38,140,0.69,0.24,3,0,0
CL-0554,Lekarz mobilny,Polska,5,1,145,5,8113.65,1,54,0.74,122,0.49,0.11,2,1,0
CL-0555,Szpital weterynaryjny,Polska,36,8,243,2,8221.43,0,0,0.0,84,0.87,0.31,4,0,0
CL-0556,Szpital weterynaryjny,Hiszpania,182,3,316,3,4899.78,1,143,0.1,159,0.88,0.16,5,0,0
CL-0557,Klinika weterynaryjna,Polska,40,3,606,1,18377.86,1,49,0.15,156,0.42,0.33,2,0,1
CL-0558,Szpital weterynaryjny,Polska,116,3,619,1,13632.68,0,0,0.0,85,0.84,0.43,3,0,1
CL-0559,Szpital weterynaryjny,Polska,133,4,125,7,10858.84,0,0,0.0,43,0.59,0.48,10,0,1
CL-0560,Klinika weterynaryjna,Polska,22,5,322,2,12379.53,1,58,0.45,96,0.53,0.19,5,0,0
CL-0561,Klinika weterynaryjna,Francja,46,3,177,5,14716.87,0,0,0.0,93,0.55,0.14,7,0,1
CL-0562,Klinika weterynaryjna,Polska,32,3,75,8,19797.67,1,51,0.49,149,0.44,0.46,2,1,0
CL-0563,Szpital weterynaryjny,Polska,138,8,87,12,8958.71,1,123,0.11,62,0.61,0.16,5,0,0
CL-0564,Szpital weterynaryjny,Polska,23,4,22,20,18439.11,1,103,0.66,63,0.65,0.27,8,0,1
CL-0565,Klinika weterynaryjna,Polska,45,3,539,2,1293.35,0,0,0.0,21,0.88,0.35,9,0,1
CL-0566,Klinika weterynaryjna,Polska,41,5,562,2,8529.03,1,43,0.58,98,0.87,0.09,8,0,1
CL-0567,Lekarz mobilny,Polska,1,2,656,1,7761.36,0,0,0.0,135,0.45,0.47,6,0,1
CL-0568,Klinika weterynaryjna,Polska,3,5,245,4,1946.59,0,0,0.0,160,0.43,0.43,2,0,1
CL-0569,Klinika weterynaryjna,Polska,26,5,726,1,12748.23,0,0,0.0,14,0.64,0.38,4,0,1
CL-0570,Lekarz mobilny,Polska,7,1,708,1,3857.63,0,0,0.0,16,0.31,0.05,10,0,1
CL-0571,Lekarz mobilny,Polska,2,2,326,3,17092.88,0,0,0.0,41,0.38,0.21,3,0,0
CL-0572,Lekarz mobilny,Polska,8,1,83,12,7373.56,0,0,0.0,37,0.52,0.29,6,0,0
CL-0573,Szpital weterynaryjny,Polska,162,10,229,4,19267.28,0,0,0.0,140,0.7,0.37,6,0,0
CL-0574,Lekarz mobilny,Francja,1,2,121,8,1279.69,1,24,0.87,63,0.82,0.22,10,0,1
CL-0575,Szpital weterynaryjny,Polska,136,7,297,3,17772.57,0,0,0.0,170,0.63,0.27,8,0,1
CL-0576,Szpital weterynaryjny,Polska,62,10,278,2,759.46,0,0,0.0,42,0.5,0.11,3,0,0
CL-0577,Lekarz mobilny,Polska,10,1,638,2,5749.87,1,42,0.42,93,0.73,0.42,6,0,1
CL-0578,Klinika weterynaryjna,Francja,9,3,305,3,3004.9,0,0,0.0,7,0.65,0.36,0,0,0
CL-0579,Lekarz mobilny,Polska,3,2,198,2,4071.19,1,28,0.87,97,0.67,0.4,6,0,1
CL-0580,Szpital weterynaryjny,Polska,54,3,332,2,13440.66,1,85,0.4,52,0.57,0.43,7,0,1
CL-0581,Szpital weterynaryjny,Polska,125,4,498,2,18809.2,1,56,0.94,96,0.51,0.06,9,0,1
CL-0582,Szpital weterynaryjny,Polska,191,9,119,7,705.69,1,87,0.12,72,0.84,0.18,2,0,0
CL-0583,Klinika weterynaryjna,Polska,49,1,393,2,7857.85,0,0,0.0,124,0.8,0.28,8,0,1
CL-0584,Lekarz mobilny,Polska,4,1,377,2,6717.63,0,0,0.0,82,0.82,0.33,1,0,0
CL-0585,Szpital weterynaryjny,Polska,137,10,137,7,8929.61,0,0,0.0,137,0.82,0.13,10,0,1
CL-0586,Klinika weterynaryjna,Polska,26,1,118,3,6549.76,0,0,0.0,58,0.77,0.18,1,0,0
CL-0587,Lekarz mobilny,Polska,4,2,306,3,3230.46,1,60,0.82,53,0.33,0.44,6,0,1
CL-0588,Lekarz mobilny,Polska,7,2,585,1,7875.14,1,41,0.27,31,0.78,0.43,4,1,0
CL-0589,Klinika weterynaryjna,Polska,35,3,302,2,8865.2,1,40,0.51,176,0.53,0.47,8,1,0
CL-0590,Szpital weterynaryjny,Polska,106,8,356,3,17688.8,1,106,0.47,18,0.36,0.21,5,0,0
CL-0591,Lekarz mobilny,Włochy,8,2,111,4,4835.68,1,51,0.35,50,0.76,0.3,5,0,0
CL-0592,Szpital weterynaryjny,Polska,98,9,395,1,745.43,1,83,0.86,123,0.33,0.3,2,0,0
CL-0593,Szpital weterynaryjny,Polska,74,3,185,5,553.79,1,57,0.35,29,0.91,0.09,9,0,1
CL-0594,Lekarz mobilny,Polska,8,2,453,2,4334.17,1,0,0.0,143,0.72,0.15,10,0,1
CL-0595,Lekarz mobilny,Polska,9,1,555,2,2319.86,1,24,0.31,151,0.58,0.18,9,0,1
CL-0596,Lekarz mobilny,Polska,5,2,297,3,3689.44,0,0,0.0,31,0.68,0.3,4,0,0
CL-0597,Lekarz mobilny,Polska,9,1,591,2,10912.48,0,0,0.0,18,0.9,0.22,9,0,0
CL-0598,Lekarz mobilny,Włochy,9,2,528,1,11009.26,1,33,0.34,72,0.47,0.16,2,0,0
CL-0599,Klinika weterynaryjna,Polska,40,3,84,10,2777.17,1,20,0.54,59,0.69,0.29,10,0,1
CL-0600,Lekarz mobilny,Polska,1,1,196,5,11436.3,0,0,0.0,18,0.9,0.3,7,0,1
CL-0601,Lekarz mobilny,Włochy,10,1,700,1,7924.0,1,49,0.79,161,0.94,0.46,5,1,0
CL-0602,Szpital weterynaryjny,Polska,188,7,608,1,7057.7,1,93,0.66,160,0.56,0.36,4,1,1
CL-0603,Klinika weterynaryjna,Polska,24,4,328,2,11945.99,0,0,0.0,93,0.57,0.1,5,0,0
CL-0604,Szpital weterynaryjny,Polska,196,7,724,1,2576.87,1,89,0.12,179,0.72,0.17,10,0,1
CL-0605,Szpital weterynaryjny,Polska,90,8,700,2,8776.55,1,126,0.3,153,0.6,0.22,6,0,0
CL-0606,Klinika weterynaryjna,Włochy,45,1,361,2,8567.99,1,22,0.53,156,0.56,0.11,3,1,0
CL-0607,Lekarz mobilny,Polska,8,2,17,20,9902.83,0,0,0.0,47,0.6,0.48,4,0,0
CL-0608,Szpital weterynaryjny,Polska,64,8,261,3,9634.73,1,72,0.85,67,0.71,0.3,0,0,0
CL-0609,Szpital weterynaryjny,Polska,28,7,378,2,5719.47,1,138,0.29,59,0.88,0.29,4,0,1
CL-0610,Klinika weterynaryjna,Polska,49,3,636,1,6745.73,1,16,0.4,102,0.38,0.31,7,0,1
CL-0611,Klinika weterynaryjna,Polska,20,2,448,1,13749.57,0,0,0.0,14,0.78,0.3,8,0,1
CL-0612,Lekarz mobilny,Polska,5,1,420,1,5739.76,1,5,0.0,51,0.88,0.47,0,0,0
CL-0613,Lekarz mobilny,Polska,5,2,299,2,8215.27,1,24,0.57,169,0.54,0.06,3,0,0
CL-0614,Klinika weterynaryjna,Polska,16,4,156,4,19627.4,1,33,0.53,153,0.49,0.12,8,0,0
CL-0615,Szpital weterynaryjny,Polska,124,8,415,2,19158.37,1,78,0.0,150,0.95,0.06,0,0,0
CL-0616,Lekarz mobilny,Polska,5,2,461,2,564.61,1,38,0.27,82,0.39,0.1,9,0,1
CL-0617,Klinika weterynaryjna,Niemcy,10,2,557,1,14714.76,1,46,0.42,102,0.72,0.46,8,0,1
CL-0618,Klinika weterynaryjna,Polska,11,1,31,20,15680.83,1,0,0.0,54,0.49,0.23,7,0,1
CL-0619,Klinika weterynaryjna,Polska,6,2,639,1,5193.35,1,0,0.0,128,0.68,0.44,10,0,1
CL-0620,Lekarz mobilny,Polska,4,2,362,3,9979.53,1,11,0.35,87,0.35,0.21,9,0,1
CL-0621,Lekarz mobilny,Polska,7,2,566,1,7785.15,1,47,0.03,138,0.9,0.2,10,0,1
CL-0622,Klinika weterynaryjna,Polska,7,1,231,4,14704.43,0,0,0.0,109,0.33,0.44,10,0,1
CL-0623,Szpital weterynaryjny,Polska,119,9,488,1,7943.13,1,38,0.07,170,0.4,0.27,4,0,1
CL-0624,Klinika weterynaryjna,Polska,26,3,15,20,19760.25,1,29,0.16,76,0.56,0.49,9,1,1
CL-0625,Szpital weterynaryjny,Polska,65,8,45,15,13317.37,1,37,0.24,167,0.34,0.05,9,0,1
CL-0626,Lekarz mobilny,Polska,2,2,484,2,17544.33,0,0,0.0,119,0.74,0.37,5,0,1
CL-0627,Lekarz mobilny,Niemcy,1,2,446,2,16742.26,1,37,0.68,36,0.64,0.23,5,0,1
CL-0628,Klinika weterynaryjna,Polska,25,2,293,3,14188.54,1,50,0.49,76,0.37,0.15,10,0,0
CL-0629,Klinika weterynaryjna,Polska,22,4,146,7,18422.99,1,35,0.75,32,0.76,0.15,3,1,0
CL-0630,Szpital weterynaryjny,Hiszpania,37,5,326,2,11909.63,1,148,0.52,50,0.86,0.42,5,1,0
CL-0631,Szpital weterynaryjny,Polska,184,10,68,7,6888.56,1,80,0.02,114,0.58,0.19,9,0,1
CL-0632,Szpital weterynaryjny,Wielka Brytania,64,10,36,20,18023.72,0,0,0.0,63,0.67,0.11,7,0,0
CL-0633,Klinika weterynaryjna,Polska,21,1,35,10,9370.56,1,43,0.26,124,0.75,0.29,7,0,0
CL-0634,Szpital weterynaryjny,Polska,150,8,554,1,2895.88,0,0,0.0,75,0.86,0.47,7,0,1
CL-0635,Klinika weterynaryjna,Francja,26,1,249,3,15460.3,0,0,0.0,21,0.31,0.14,3,0,0
CL-0636,Lekarz mobilny,Polska,8,2,499,2,7458.13,1,0,0.0,147,0.33,0.06,0,0,1
CL-0637,Klinika weterynaryjna,Polska,14,4,376,2,1833.07,1,8,0.88,115,0.44,0.43,8,0,1
CL-0638,Klinika weterynaryjna,Polska,40,5,157,3,5946.41,0,0,0.0,108,0.49,0.19,5,0,0
CL-0639,Klinika weterynaryjna,Polska,47,3,63,11,16852.97,1,0,0.0,158,0.9,0.07,5,0,1
CL-0640,Szpital weterynaryjny,Polska,96,10,15,20,12633.33,0,0,0.0,137,0.49,0.39,4,0,0
CL-0641,Lekarz mobilny,Polska,2,2,322,2,5078.41,1,36,0.3,75,0.5,0.23,2,0,0
CL-0642,Klinika weterynaryjna,Polska,2,2,596,2,11611.77,1,55,0.12,56,0.48,0.34,4,0,1
CL-0643,Lekarz mobilny,Polska,8,1,225,3,16040.01,0,0,0.0,12,0.63,0.06,8,0,0
CL-0644,Klinika weterynaryjna,Polska,7,4,525,2,14393.92,1,44,0.94,87,0.94,0.48,0,0,1
CL-0645,Klinika weterynaryjna,Polska,25,5,263,3,5309.62,1,15,0.45,29,0.82,0.43,2,0,0
CL-0646,Klinika weterynaryjna,Polska,32,5,570,1,9325.75,1,42,0.56,136,0.59,0.1,2,0,0
CL-0647,Klinika weterynaryjna,Polska,42,5,333,3,9964.32,1,47,0.87,11,0.7,0.45,8,0,1
CL-0648,Klinika weterynaryjna,Polska,25,5,416,2,2707.99,1,48,0.92,108,0.45,0.39,4,1,0
CL-0649,Lekarz mobilny,Polska,2,2,172,6,4364.52,1,46,0.38,151,0.8,0.17,1,0,0
CL-0650,Lekarz mobilny,Polska,5,1,455,1,8128.2,0,0,0.0,108,0.39,0.43,2,0,1
CL-0651,Klinika weterynaryjna,Włochy,28,3,304,3,7538.7,1,9,0.13,4,0.31,0.16,3,0,0
CL-0652,Szpital weterynaryjny,Polska,163,7,128,7,16037.02,0,0,0.0,125,0.67,0.35,2,0,0
CL-0653,Klinika weterynaryjna,Polska,29,4,113,3,13010.49,1,33,0.14,42,0.88,0.43,0,0,0
CL-0654,Lekarz mobilny,Polska,6,2,289,4,3679.77,0,0,0.0,172,0.38,0.1,9,0,0
CL-0655,Szpital weterynaryjny,Polska,107,3,463,2,16514.78,0,0,0.0,52,0.8,0.41,4,0,0
CL-0656,Szpital weterynaryjny,Polska,145,4,479,1,14168.21,0,0,0.0,120,0.58,0.46,2,0,1
CL-0657,Szpital weterynaryjny,Polska,86,8,98,9,19351.45,0,0,0.0,117,0.76,0.36,5,0,1
CL-0658,Lekarz mobilny,Wielka Brytania,10,2,485,2,11201.31,1,21,0.75,123,0.41,0.29,0,1,1
CL-0659,Lekarz mobilny,Polska,5,1,491,2,1353.7,0,0,0.0,123,0.52,0.35,10,0,1
CL-0660,Szpital weterynaryjny,Polska,197,8,595,1,19488.65,1,78,0.75,172,0.43,0.3,4,0,0
CL-0661,Szpital weterynaryjny,Polska,29,3,556,1,13899.49,1,106,0.48,132,0.73,0.17,3,0,0
CL-0662,Klinika weterynaryjna,Polska,13,1,647,1,14123.82,0,0,0.0,137,0.6,0.36,1,0,0
CL-0663,Szpital weterynaryjny,Polska,149,9,707,1,2903.78,0,0,0.0,54,0.86,0.2,10,0,1
CL-0664,Szpital weterynaryjny,Niemcy,115,10,484,1,14077.17,1,146,0.34,78,0.34,0.29,3,0,0
CL-0665,Klinika weterynaryjna,Polska,24,2,463,2,17488.1,0,0,0.0,170,0.62,0.45,6,0,1
CL-0666,Lekarz mobilny,Polska,10,2,586,1,15431.65,1,2,0.0,169,0.36,0.2,4,0,1
CL-0667,Szpital weterynaryjny,Polska,148,8,287,4,1159.63,1,109,0.1,115,0.71,0.09,6,0,0
CL-0668,Klinika weterynaryjna,Polska,17,3,622,1,11844.93,0,0,0.0,84,0.7,0.42,8,0,1
CL-0669,Klinika weterynaryjna,Hiszpania,39,5,321,1,16758.23,1,47,0.63,5,0.77,0.1,7,0,0
CL-0670,Klinika weterynaryjna,Polska,34,2,200,4,9602.25,1,60,0.68,132,0.41,0.05,3,0,0
CL-0671,Szpital weterynaryjny,Polska,26,8,261,2,8006.08,1,55,0.61,18,0.68,0.18,2,0,0
CL-0672,Lekarz mobilny,Polska,5,1,204,5,4981.17,1,24,0.12,45,0.82,0.35,10,0,1
CL-0673,Lekarz mobilny,Polska,1,2,144,5,5319.68,0,0,0.0,48,0.35,0.06,6,0,1
CL-0674,Klinika weterynaryjna,Polska,18,1,20,20,15165.87,0,0,0.0,169,0.34,0.27,3,0,0
CL-0675,Lekarz mobilny,Polska,4,2,110,5,12022.35,1,49,0.93,49,0.57,0.37,7,1,0
CL-0676,Lekarz mobilny,Polska,1,2,320,2,15465.92,1,0,0.0,78,0.35,0.11,10,0,1
CL-0677,Klinika weterynaryjna,Polska,50,5,514,1,17764.18,1,54,0.27,105,0.84,0.35,8,0,1
CL-0678,Szpital weterynaryjny,Polska,91,4,432,1,18175.99,1,90,0.24,20,0.84,0.5,5,0,0
CL-0679,Klinika weterynaryjna,Polska,36,1,320,1,5942.57,0,0,0.0,135,0.94,0.24,10,1,0
CL-0680,Lekarz mobilny,Polska,5,1,609,1,975.4,1,3,0.0,168,0.69,0.42,6,0,1
CL-0681,Klinika weterynaryjna,Polska,23,2,668,1,9553.0,1,0,0.0,147,0.49,0.15,6,0,1
CL-0682,Szpital weterynaryjny,Polska,57,8,254,2,4052.92,1,76,0.84,110,0.55,0.15,7,0,0
CL-0683,Klinika weterynaryjna,Hiszpania,41,3,685,1,18518.72,1,37,0.28,52,0.44,0.46,3,1,1
CL-0684,Szpital weterynaryjny,Polska,175,4,627,1,9307.05,0,0,0.0,172,0.9,0.4,4,0,1
CL-0685,Lekarz mobilny,Polska,6,2,140,7,3209.61,1,31,0.74,53,0.83,0.23,7,0,1
CL-0686,Klinika weterynaryjna,Polska,7,4,686,1,8786.99,1,44,0.53,121,0.85,0.13,10,0,0
CL-0687,Szpital weterynaryjny,Polska,163,4,683,1,17056.65,1,139,0.04,54,0.61,0.11,10,0,1
CL-0688,Szpital weterynaryjny,Polska,72,5,436,2,2267.64,0,0,0.0,39,0.61,0.49,1,0,0
CL-0689,Lekarz mobilny,Polska,7,2,503,2,11095.98,1,0,0.0,177,0.34,0.14,8,0,1
CL-0690,Lekarz mobilny,Polska,7,2,226,3,4688.16,1,41,0.34,38,0.31,0.25,1,0,0
CL-0691,Lekarz mobilny,Polska,1,1,181,4,11234.82,1,11,0.04,40,0.58,0.35,4,0,0
CL-0692,Lekarz mobilny,Polska,5,1,579,2,815.53,1,54,0.49,76,0.68,0.45,4,0,1
CL-0693,Szpital weterynaryjny,Polska,67,8,195,5,2902.29,0,0,0.0,53,0.31,0.46,3,0,0
CL-0694,Klinika weterynaryjna,Polska,48,2,326,1,15242.15,1,2,0.0,108,0.73,0.4,9,0,1
CL-0695,Szpital weterynaryjny,Polska,116,9,79,7,18275.48,1,33,0.08,109,0.81,0.48,8,0,1
CL-0696,Szpital weterynaryjny,Polska,174,7,267,2,8429.66,1,109,0.01,171,0.76,0.49,0,1,0
CL-0697,Szpital weterynaryjny,Polska,133,6,547,1,5413.16,1,44,0.32,107,0.93,0.47,1,1,0
CL-0698,Klinika weterynaryjna,Polska,21,1,270,3,6544.45,1,4,0.0,61,0.54,0.44,10,0,1
CL-0699,Szpital weterynaryjny,Polska,125,3,284,3,3584.04,1,72,0.64,89,0.31,0.06,1,0,0
CL-0700,Lekarz mobilny,Polska,2,2,482,1,9633.03,1,5,0.0,40,0.82,0.45,6,0,0
CL-0701,Szpital weterynaryjny,Polska,90,7,26,20,13902.69,0,0,0.0,139,0.82,0.42,7,0,1
CL-0702,Lekarz mobilny,Polska,2,1,313,2,2297.14,1,0,0.0,150,0.34,0.35,2,0,1
CL-0703,Lekarz mobilny,Polska,5,1,239,3,7782.55,0,0,0.0,12,0.38,0.14,2,0,0
CL-0704,Szpital weterynaryjny,Polska,115,5,683,1,5829.13,1,122,0.52,132,0.36,0.17,6,0,1
CL-0705,Szpital weterynaryjny,Polska,187,5,558,2,4166.01,0,0,0.0,97,0.88,0.08,10,0,1
CL-0706,Lekarz mobilny,Polska,7,2,544,1,18520.67,1,9,0.54,15,0.62,0.11,1,0,1
CL-0707,Klinika weterynaryjna,Polska,7,2,407,1,4002.11,0,0,0.0,21,0.77,0.38,5,0,1
CL-0708,Klinika weterynaryjna,Polska,25,5,607,1,695.83,1,3,0.0,161,0.5,0.38,3,0,1
CL-0709,Klinika weterynaryjna,Niemcy,17,4,240,2,17423.29,1,14,0.93,149,0.73,0.48,5,0,0
CL-0710,Szpital weterynaryjny,Polska,54,10,78,13,13531.01,1,91,0.03,105,0.35,0.42,5,0,0
CL-0711,Klinika weterynaryjna,Polska,43,1,243,4,17397.86,1,54,0.06,171,0.4,0.05,5,0,0
CL-0712,Lekarz mobilny,Polska,10,1,26,20,3488.35,0,0,0.0,46,0.69,0.24,9,0,1
CL-0713,Szpital weterynaryjny,Polska,159,5,457,2,8500.58,1,128,0.03,148,0.67,0.44,3,1,0
CL-0714,Lekarz mobilny,Francja,8,1,567,1,7771.68,0,0,0.0,180,0.83,0.47,1,0,1
CL-0715,Klinika weterynaryjna,Polska,32,5,302,2,6815.37,1,14,0.33,157,0.93,0.32,2,0,0
CL-0716,Szpital weterynaryjny,Włochy,187,10,452,2,12377.29,1,35,0.18,99,0.52,0.16,8,0,1
CL-0717,Lekarz mobilny,Polska,6,2,635,1,14148.68,1,55,0.43,13,0.31,0.24,9,0,1
CL-0718,Klinika weterynaryjna,Polska,33,1,564,1,15677.45,1,0,0.0,54,0.78,0.22,6,0,1
CL-0719,Lekarz mobilny,Polska,3,1,442,2,4841.73,0,0,0.0,178,0.76,0.36,6,0,1
CL-0720,Szpital weterynaryjny,Francja,156,9,258,3,5878.88,1,61,0.0,156,0.77,0.42,8,0,1
CL-0721,Klinika weterynaryjna,Polska,37,4,217,4,6490.71,1,21,0.58,146,0.47,0.21,8,0,1
CL-0722,Klinika weterynaryjna,Polska,3,5,382,2,13400.65,1,60,0.06,102,0.43,0.16,9,0,0
CL-0723,Szpital weterynaryjny,Polska,190,6,271,4,14996.39,1,143,0.91,74,0.93,0.43,0,1,0
CL-0724,Lekarz mobilny,Polska,10,2,175,5,18900.87,0,0,0.0,27,0.5,0.27,9,0,1
CL-0725,Klinika weterynaryjna,Włochy,29,4,275,4,12547.91,0,0,0.0,114,0.55,0.09,5,0,1
CL-0726,Lekarz mobilny,Polska,2,2,286,2,7666.45,0,0,0.0,149,0.82,0.32,3,0,0
CL-0727,Klinika weterynaryjna,Polska,32,5,173,2,5719.59,1,31,0.56,177,0.65,0.09,5,0,0
CL-0728,Lekarz mobilny,Polska,3,2,697,1,2369.46,1,1,0.0,50,0.73,0.36,1,0,1
CL-0729,Klinika weterynaryjna,Polska,5,3,82,9,8787.64,1,51,0.08,162,0.37,0.49,0,1,0
CL-0730,Lekarz mobilny,Polska,5,1,127,7,18683.02,0,0,0.0,59,0.73,0.19,8,0,1
CL-0731,Lekarz mobilny,Polska,9,2,499,2,8652.18,1,59,0.47,48,0.79,0.26,5,0,0
CL-0732,Lekarz mobilny,Polska,4,1,140,5,8172.65,1,50,0.07,113,0.71,0.23,5,0,0
CL-0733,Szpital weterynaryjny,Polska,131,10,642,1,12129.46,1,114,0.06,106,0.59,0.37,4,0,1
CL-0734,Klinika weterynaryjna,Polska,37,5,87,8,6847.13,1,24,0.11,67,0.47,0.1,6,0,0
CL-0735,Klinika weterynaryjna,Polska,29,5,146,7,4452.3,1,55,0.31,1,0.31,0.1,10,0,0
CL-0736,Lekarz mobilny,Polska,2,2,684,1,7464.99,1,25,0.41,93,0.36,0.46,5,0,0
CL-0737,Lekarz mobilny,Polska,4,2,361,1,17327.52,1,47,0.27,8,0.53,0.12,5,0,0
CL-0738,Szpital weterynaryjny,Polska,144,7,75,6,9358.55,0,0,0.0,87,0.48,0.18,6,0,1
CL-0739,Lekarz mobilny,Francja,8,2,167,3,2956.67,1,4,0.0,42,0.32,0.43,1,0,1
CL-0740,Lekarz mobilny,Niemcy,2,2,60,12,5664.01,1,33,0.4,66,0.86,0.49,8,0,1
CL-0741,Szpital weterynaryjny,Polska,46,10,634,1,11624.02,1,95,0.88,152,0.53,0.36,8,1,0
CL-0742,Lekarz mobilny,Polska,4,1,601,2,8995.42,1,55,0.66,140,0.73,0.2,0,0,1
CL-0743,Szpital weterynaryjny,Polska,45,3,13,20,7524.44,1,132,0.05,75,0.65,0.16,2,0,0
CL-0744,Lekarz mobilny,Polska,9,1,358,2,10205.51,0,0,0.0,33,0.42,0.22,6,0,0
CL-0745,Klinika weterynaryjna,Hiszpania,28,1,375,3,12818.07,1,31,0.84,30,0.64,0.22,4,0,1
CL-0746,Szpital weterynaryjny,Włochy,93,10,477,2,3921.34,1,39,0.4,53,0.87,0.08,0,0,0
CL-0747,Klinika weterynaryjna,Polska,27,4,555,1,2309.4,1,4,0.0,119,0.63,0.25,7,0,1
CL-0748,Lekarz mobilny,Niemcy,7,2,209,5,1702.76,1,38,0.86,94,0.31,0.24,3,1,0
CL-0749,Klinika weterynaryjna,Polska,33,5,459,1,9370.25,0,0,0.0,16,0.42,0.33,6,0,1
CL-0750,Szpital weterynaryjny,Polska,196,6,325,1,2237.75,1,99,0.56,145,0.51,0.39,10,0,1
CL-0751,Lekarz mobilny,Polska,4,2,468,2,2306.03,0,0,0.0,40,0.51,0.44,8,0,1
CL-0752,Szpital weterynaryjny,Hiszpania,178,7,192,4,17770.21,1,120,0.14,19,0.55,0.28,1,0,0
CL-0753,Szpital weterynaryjny,Polska,192,3,451,1,15816.39,1,139,0.8,153,0.32,0.33,9,0,1
CL-0754,Klinika weterynaryjna,Polska,17,5,292,3,2550.1,1,0,0.0,41,0.6,0.39,0,0,0
CL-0755,Lekarz mobilny,Niemcy,9,2,278,2,15826.0,0,0,0.0,144,0.9,0.29,4,0,0
CL-0756,Szpital weterynaryjny,Polska,104,6,554,2,8943.66,1,42,0.64,6,0.51,0.34,1,0,1
CL-0757,Klinika weterynaryjna,Polska,14,5,667,1,6494.23,0,0,0.0,64,0.63,0.43,2,0,1
CL-0758,Lekarz mobilny,Polska,4,2,281,3,849.05,1,40,0.93,59,0.51,0.37,4,1,0
CL-0759,Lekarz mobilny,Niemcy,4,2,530,1,19614.51,1,51,0.2,123,0.38,0.07,4,0,0
CL-0760,Klinika weterynaryjna,Wielka Brytania,12,2,294,1,8546.44,0,0,0.0,129,0.43,0.47,6,0,0
CL-0761,Lekarz mobilny,Polska,2,1,665,2,2810.37,1,12,0.61,54,0.69,0.46,10,0,1
CL-0762,Szpital weterynaryjny,Polska,140,10,405,2,13265.95,1,129,0.43,97,0.67,0.39,2,1,0
CL-0763,Klinika weterynaryjna,Polska,3,2,339,2,2881.01,1,18,0.25,157,0.34,0.23,0,0,0
CL-0764,Klinika weterynaryjna,Polska,42,4,365,2,16138.17,1,34,0.37,101,0.59,0.25,10,0,0
CL-0765,Lekarz mobilny,Polska,5,2,568,2,10088.7,0,0,0.0,32,0.39,0.1,5,0,0
CL-0766,Klinika weterynaryjna,Polska,9,4,405,2,7770.91,1,45,0.54,91,0.41,0.3,2,0,0
CL-0767,Lekarz mobilny,Polska,10,1,513,2,19625.32,1,1,0.0,151,0.66,0.16,0,0,1
CL-0768,Lekarz mobilny,Polska,8,1,560,1,17462.98,0,0,0.0,30,0.86,0.23,2,0,1
CL-0769,Lekarz mobilny,Polska,9,2,344,3,524.6,0,0,0.0,31,0.81,0.1,8,0,0
CL-0770,Szpital weterynaryjny,Niemcy,81,4,254,3,14431.91,1,105,0.13,104,0.44,0.43,2,0,0
CL-0771,Klinika weterynaryjna,Polska,47,5,267,3,11314.89,0,0,0.0,27,0.44,0.28,1,0,0
CL-0772,Klinika weterynaryjna,Francja,48,5,169,6,910.25,0,0,0.0,38,0.6,0.23,8,0,0
CL-0773,Klinika weterynaryjna,Polska,39,3,658,2,1904.04,1,47,0.47,92,0.32,0.14,2,0,1
CL-0774,Klinika weterynaryjna,Polska,7,1,280,3,10016.09,0,0,0.0,154,0.69,0.41,9,0,1
CL-0775,Szpital weterynaryjny,Polska,86,3,302,2,19824.64,1,114,0.81,119,0.64,0.16,1,0,0
CL-0776,Lekarz mobilny,Polska,8,2,355,2,1130.35,1,0,0.0,164,0.51,0.48,5,0,0
CL-0777,Lekarz mobilny,Polska,7,2,107,7,12069.71,1,39,0.26,50,0.35,0.47,1,0,0
CL-0778,Klinika weterynaryjna,Polska,29,4,380,2,8283.94,0,0,0.0,29,0.51,0.08,9,0,0
CL-0779,Klinika weterynaryjna,Polska,19,1,319,3,14379.38,1,32,0.36,150,0.79,0.08,4,0,0
CL-0780,Lekarz mobilny,Polska,3,2,557,1,12585.87,1,0,0.0,48,0.71,0.26,5,0,1
CL-0781,Szpital weterynaryjny,Polska,110,6,292,2,16540.66,1,62,0.45,9,0.53,0.25,6,0,1
CL-0782,Lekarz mobilny,Polska,3,2,709,1,11917.21,1,24,0.7,156,0.73,0.48,7,0,0
CL-0783,Szpital weterynaryjny,Polska,145,5,217,3,14051.6,1,127,0.8,129,0.7,0.48,4,0,0
CL-0784,Szpital weterynaryjny,Polska,87,4,572,1,1127.89,0,0,0.0,69,0.57,0.2,7,0,1
CL-0785,Lekarz mobilny,Polska,6,2,423,2,3545.21,1,45,0.28,77,0.39,0.14,5,0,1
CL-0786,Lekarz mobilny,Polska,2,2,551,1,3351.84,1,0,0.0,41,0.39,0.2,6,0,1
CL-0787,Lekarz mobilny,Polska,4,1,522,1,1134.03,1,40,0.93,10,0.54,0.37,6,0,0
CL-0788,Lekarz mobilny,Polska,4,1,344,3,5235.72,1,19,0.71,37,0.33,0.11,10,0,1
CL-0789,Lekarz mobilny,Polska,10,1,495,1,8469.18,1,38,0.22,5,0.46,0.37,4,0,1
CL-0790,Szpital weterynaryjny,Polska,197,3,109,6,5468.92,1,95,0.85,50,0.65,0.08,5,1,0
CL-0791,Lekarz mobilny,Polska,6,1,722,1,16724.73,0,0,0.0,123,0.93,0.46,0,0,1
CL-0792,Klinika weterynaryjna,Polska,6,2,662,2,2612.61,0,0,0.0,111,0.45,0.29,7,0,1
CL-0793,Klinika weterynaryjna,Polska,9,3,347,2,17253.39,0,0,0.0,30,0.63,0.38,2,0,0
CL-0794,Szpital weterynaryjny,Polska,90,5,169,5,8045.38,0,0,0.0,36,0.52,0.06,8,0,0
CL-0795,Lekarz mobilny,Niemcy,10,1,248,4,4908.4,1,0,0.0,114,0.9,0.27,3,0,1
CL-0796,Lekarz mobilny,Wielka Brytania,7,2,112,7,10256.38,1,2,0.0,83,0.64,0.08,10,0,1
CL-0797,Klinika weterynaryjna,Polska,14,5,479,1,18990.44,1,51,0.88,8,0.74,0.43,8,1,0
CL-0798,Szpital weterynaryjny,Polska,22,5,537,1,1003.8,1,40,0.21,174,0.86,0.36,4,1,0
CL-0799,Lekarz mobilny,Polska,6,1,331,2,1790.3,1,53,0.5,177,0.9,0.06,1,0,0
CL-0800,Klinika weterynaryjna,Polska,27,2,687,1,1078.28,1,39,0.75,136,0.74,0.42,3,1,0
CL-0801,Szpital weterynaryjny,Polska,109,4,627,1,19038.73,1,57,0.89,36,0.58,0.2,4,0,1
CL-0802,Szpital weterynaryjny,Polska,65,9,229,4,2246.32,0,0,0.0,36,0.63,0.09,5,0,0
CL-0803,Klinika weterynaryjna,Polska,21,2,476,2,19670.86,1,42,0.9,150,0.33,0.31,5,0,0
CL-0804,Szpital weterynaryjny,Polska,64,10,172,3,14657.45,1,141,0.18,79,0.41,0.3,7,0,1
CL-0805,Klinika weterynaryjna,Polska,25,1,425,2,2886.38,1,23,0.55,86,0.56,0.16,9,0,0
CL-0806,Klinika weterynaryjna,Polska,44,5,95,9,19226.81,1,2,0.0,80,0.67,0.45,10,0,1
CL-0807,Szpital weterynaryjny,Polska,88,5,317,2,13809.04,1,131,0.24,180,0.9,0.43,2,1,0
CL-0808,Szpital weterynaryjny,Polska,65,4,345,2,18973.51,1,97,0.81,115,0.75,0.32,3,1,0
CL-0809,Szpital weterynaryjny,Polska,68,3,242,3,12036.41,0,0,0.0,92,0.58,0.27,0,0,1
CL-0810,Lekarz mobilny,Niemcy,5,2,356,3,1196.37,1,29,0.35,3,0.49,0.47,7,0,1
CL-0811,Szpital weterynaryjny,Polska,91,3,217,5,7314.2,0,0,0.0,59,0.64,0.34,10,0,0
CL-0812,Klinika weterynaryjna,Polska,2,2,106,4,8751.3,1,54,0.26,41,0.94,0.47,4,1,0
CL-0813,Szpital weterynaryjny,Polska,121,6,352,2,12603.71,1,32,0.24,9,0.73,0.07,5,0,0
CL-0814,Szpital weterynaryjny,Niemcy,52,8,686,1,14210.87,0,0,0.0,95,0.94,0.24,4,0,1
CL-0815,Lekarz mobilny,Polska,7,2,45,12,3018.32,0,0,0.0,100,0.47,0.14,0,0,0
CL-0816,Klinika weterynaryjna,Francja,26,5,491,1,17626.81,1,48,0.29,149,0.43,0.23,3,0,1
CL-0817,Klinika weterynaryjna,Polska,19,3,725,1,9425.08,1,26,0.39,140,0.93,0.08,10,0,1
CL-0818,Szpital weterynaryjny,Polska,112,6,630,1,19084.83,1,58,0.04,42,0.71,0.35,3,1,0
CL-0819,Klinika weterynaryjna,Włochy,40,1,212,5,19328.67,1,33,0.21,84,0.76,0.09,7,0,1
CL-0820,Klinika weterynaryjna,Polska,47,5,331,2,2745.08,0,0,0.0,115,0.5,0.25,10,0,1
CL-0821,Lekarz mobilny,Polska,2,2,661,2,6941.36,0,0,0.0,158,0.71,0.42,10,0,1
CL-0822,Klinika weterynaryjna,Polska,24,2,207,3,2551.64,1,0,0.0,49,0.9,0.23,3,0,0
CL-0823,Klinika weterynaryjna,Polska,11,4,633,1,3609.25,0,0,0.0,156,0.85,0.12,1,0,0
CL-0824,Klinika weterynaryjna,Polska,34,4,262,3,2239.87,1,58,0.23,19,0.88,0.21,9,0,0
CL-0825,Szpital weterynaryjny,Polska,56,8,98,6,3410.53,1,93,0.59,50,0.62,0.26,5,0,0
CL-0826,Lekarz mobilny,Polska,3,2,705,1,4594.49,0,0,0.0,63,0.75,0.14,3,0,1
CL-0827,Klinika weterynaryjna,Polska,11,1,501,1,10791.84,1,15,0.74,159,0.95,0.46,6,0,1
CL-0828,Szpital weterynaryjny,Polska,130,8,11,20,15094.74,1,142,0.92,13,0.9,0.13,6,0,0
CL-0829,Szpital weterynaryjny,Polska,133,10,138,4,1633.84,0,0,0.0,56,0.75,0.24,8,0,0
CL-0830,Klinika weterynaryjna,Polska,28,1,327,1,1381.69,1,28,0.44,161,0.7,0.06,1,0,0
CL-0831,Klinika weterynaryjna,Polska,28,5,486,2,16146.48,1,0,0.0,37,0.75,0.42,4,0,1
CL-0832,Szpital weterynaryjny,Hiszpania,179,9,149,6,18338.92,1,92,0.31,74,0.36,0.49,4,1,0
CL-0833,Szpital weterynaryjny,Włochy,76,9,79,8,8519.09,0,0,0.0,37,0.91,0.29,8,0,1
CL-0834,Klinika weterynaryjna,Polska,40,1,242,2,15657.0,1,28,0.01,21,0.89,0.42,4,1,0
CL-0835,Szpital weterynaryjny,Polska,122,4,255,4,19112.71,1,94,0.89,155,0.75,0.43,4,1,0
CL-0836,Klinika weterynaryjna,Polska,49,1,555,1,7515.33,0,0,0.0,156,0.72,0.27,10,0,1
CL-0837,Szpital weterynaryjny,Polska,82,10,499,1,9400.16,1,80,0.02,168,0.76,0.38,5,1,0
CL-0838,Klinika weterynaryjna,Polska,26,4,567,1,15275.62,1,43,0.75,4,0.36,0.28,5,0,1
CL-0839,Klinika weterynaryjna,Polska,11,5,674,1,13798.37,1,44,0.87,44,0.32,0.43,2,1,0
CL-0840,Klinika weterynaryjna,Polska,23,3,596,1,11772.28,1,40,0.09,127,0.43,0.43,7,0,1
CL-0841,Klinika weterynaryjna,Polska,34,3,669,1,17135.18,1,30,0.48,123,0.32,0.1,5,0,0
CL-0842,Szpital weterynaryjny,Hiszpania,71,5,263,2,11348.46,1,92,0.62,29,0.55,0.17,2,0,0
CL-0843,Klinika weterynaryjna,Polska,35,2,58,7,7616.7,0,0,0.0,55,0.9,0.46,0,0,0
CL-0844,Lekarz mobilny,Polska,2,2,331,2,16012.98,1,54,0.63,156,0.41,0.35,1,1,0
CL-0845,Klinika weterynaryjna,Polska,21,4,179,5,2619.39,0,0,0.0,74,0.31,0.47,7,0,1
CL-0846,Szpital weterynaryjny,Polska,37,9,169,3,17427.81,0,0,0.0,118,0.48,0.37,9,0,1
CL-0847,Klinika weterynaryjna,Francja,39,3,161,2,18816.24,1,42,0.05,129,0.81,0.43,5,1,0
CL-0848,Klinika weterynaryjna,Polska,27,5,477,1,5052.88,1,32,0.72,3,0.59,0.33,8,0,1
CL-0849,Klinika weterynaryjna,Francja,16,3,120,6,3178.61,1,43,0.18,176,0.74,0.05,1,0,0
CL-0850,Szpital weterynaryjny,Polska,46,7,308,2,1116.27,1,131,0.72,174,0.71,0.27,8,0,1
CL-0851,Klinika weterynaryjna,Hiszpania,20,3,707,1,9551.14,1,53,0.72,33,0.41,0.07,1,0,1
CL-0852,Klinika weterynaryjna,Wielka Brytania,13,5,95,10,10009.21,1,52,0.25,125,0.38,0.29,9,0,1
CL-0853,Klinika weterynaryjna,Polska,37,1,319,3,18470.85,1,60,0.0,174,0.51,0.33,9,1,1
CL-0854,Szpital weterynaryjny,Polska,42,3,695,1,5143.66,0,0,0.0,53,0.94,0.09,6,0,0
CL-0855,Klinika weterynaryjna,Polska,14,2,720,1,7473.2,1,38,0.61,79,0.91,0.31,4,1,0
CL-0856,Lekarz mobilny,Polska,9,1,337,2,4999.48,0,0,0.0,155,0.69,0.41,5,0,0
CL-0857,Lekarz mobilny,Wielka Brytania,9,1,143,5,1159.05,0,0,0.0,47,0.88,0.47,4,0,0
CL-0858,Klinika weterynaryjna,Polska,45,4,74,6,9740.49,1,57,0.14,137,0.49,0.23,0,0,0
CL-0859,Lekarz mobilny,Polska,10,2,384,2,17210.76,1,26,0.76,152,0.68,0.43,8,0,1
CL-0860,Klinika weterynaryjna,Polska,37,3,634,1,5086.22,1,31,0.14,158,0.77,0.47,3,0,1
CL-0861,Klinika weterynaryjna,Polska,11,1,517,1,18404.75,1,37,0.2,71,0.5,0.31,3,0,0
CL-0862,Klinika weterynaryjna,Polska,40,1,371,1,9492.57,1,51,0.2,132,0.92,0.46,1,0,1
CL-0863,Lekarz mobilny,Polska,5,2,156,3,19970.67,1,11,0.02,72,0.36,0.25,9,0,1
CL-0864,Lekarz mobilny,Polska,6,1,83,9,17984.17,1,9,0.55,76,0.62,0.08,5,0,0
CL-0865,Lekarz mobilny,Polska,6,2,17,20,14010.47,1,21,0.9,83,0.31,0.2,5,1,0
CL-0866,Szpital weterynaryjny,Polska,22,9,100,6,16299.74,0,0,0.0,56,0.76,0.12,3,0,0
CL-0867,Lekarz mobilny,Polska,7,1,405,2,9093.6,0,0,0.0,107,0.91,0.15,4,0,1
CL-0868,Lekarz mobilny,Polska,7,1,421,2,17523.67,1,39,0.75,83,0.57,0.1,3,0,1
CL-0869,Szpital weterynaryjny,Polska,35,10,442,1,12356.05,0,0,0.0,55,0.7,0.11,1,0,1
CL-0870,Szpital weterynaryjny,Polska,100,3,168,3,18156.24,1,116,0.08,38,0.64,0.43,10,0,0
CL-0871,Lekarz mobilny,Polska,9,2,480,1,12016.66,1,24,0.8,113,0.55,0.16,10,0,1
CL-0872,Klinika weterynaryjna,Polska,47,3,199,4,5777.89,1,23,0.4,168,0.69,0.28,9,0,0
CL-0873,Lekarz mobilny,Włochy,7,2,254,2,7595.34,0,0,0.0,73,0.56,0.49,8,0,1
CL-0874,Szpital weterynaryjny,Polska,193,7,480,2,17648.91,1,61,0.84,51,0.92,0.35,2,1,0
CL-0875,Klinika weterynaryjna,Polska,48,3,98,4,19595.56,1,2,0.0,112,0.87,0.35,9,0,1
CL-0876,Klinika weterynaryjna,Polska,7,1,19,20,1059.09,1,60,0.81,140,0.35,0.46,9,0,0
CL-0877,Szpital weterynaryjny,Niemcy,121,10,683,1,6989.23,1,128,0.81,126,0.32,0.14,6,0,1
CL-0878,Klinika weterynaryjna,Polska,42,3,167,6,5114.74,1,26,0.3,169,0.54,0.17,7,0,1
CL-0879,Klinika weterynaryjna,Polska,11,5,268,3,10392.36,1,29,0.93,90,0.79,0.47,8,0,1
CL-0880,Szpital weterynaryjny,Polska,102,8,182,5,10688.81,1,73,0.71,64,0.87,0.14,3,0,0
CL-0881,Szpital weterynaryjny,Polska,88,6,257,3,11404.85,0,0,0.0,169,0.51,0.06,9,0,1
CL-0882,Klinika weterynaryjna,Polska,29,2,515,2,5258.81,1,18,0.13,34,0.49,0.29,1,0,1
CL-0883,Szpital weterynaryjny,Polska,77,9,28,20,1253.03,1,130,0.11,103,0.53,0.26,4,0,0
CL-0884,Szpital weterynaryjny,Polska,31,7,562,1,15779.28,1,132,0.02,85,0.85,0.44,8,0,1
CL-0885,Szpital weterynaryjny,Polska,48,4,520,2,4358.51,0,0,0.0,125,0.72,0.19,7,0,1
CL-0886,Lekarz mobilny,Polska,8,1,196,4,4233.25,0,0,0.0,170,0.39,0.27,8,0,1
CL-0887,Lekarz mobilny,Wielka Brytania,3,1,237,4,1241.05,1,2,0.0,80,0.76,0.3,1,0,1
CL-0888,Lekarz mobilny,Polska,1,2,295,3,4832.37,1,34,0.38,74,0.36,0.21,3,0,0
CL-0889,Lekarz mobilny,Niemcy,1,2,326,3,18995.42,1,9,0.4,18,0.33,0.11,3,0,0
CL-0890,Klinika weterynaryjna,Włochy,6,2,616,1,15454.71,0,0,0.0,13,0.77,0.39,7,0,1
CL-0891,Lekarz mobilny,Polska,9,2,463,2,12296.45,0,0,0.0,158,0.8,0.27,5,0,1
CL-0892,Klinika weterynaryjna,Polska,7,1,136,6,3642.89,1,2,0.0,37,0.46,0.33,10,0,1
CL-0893,Lekarz mobilny,Polska,2,2,723,1,17724.52,1,0,0.0,160,0.62,0.37,1,0,1
CL-0894,Szpital weterynaryjny,Polska,193,9,619,1,12987.18,1,75,0.22,93,0.32,0.37,7,0,1
CL-0895,Lekarz mobilny,Polska,9,1,295,2,6352.39,1,58,0.02,136,0.45,0.43,0,1,0
CL-0896,Lekarz mobilny,Polska,9,1,130,3,11080.27,0,0,0.0,48,0.88,0.44,0,0,0
CL-0897,Lekarz mobilny,Francja,10,2,529,1,14137.94,1,52,0.77,115,0.43,0.45,5,1,0
CL-0898,Lekarz mobilny,Polska,8,1,648,2,9448.47,1,56,0.27,35,0.5,0.48,10,1,1
CL-0899,Szpital weterynaryjny,Polska,127,6,407,2,13117.9,1,124,0.41,67,0.5,0.16,10,0,0
CL-0900,Szpital weterynaryjny,Polska,178,4,297,2,10702.03,1,48,0.65,135,0.73,0.32,3,1,0
CL-0901,Lekarz mobilny,Polska,10,2,363,2,3350.67,1,17,0.83,134,0.48,0.06,4,0,0
CL-0902,Klinika weterynaryjna,Polska,47,5,225,3,1523.75,0,0,0.0,90,0.92,0.17,5,0,0
CL-0903,Klinika weterynaryjna,Polska,12,3,469,1,16373.23,0,0,0.0,13,0.4,0.45,10,0,1
CL-0904,Klinika weterynaryjna,Polska,24,5,164,5,18726.51,1,0,0.0,162,0.52,0.28,10,0,1
CL-0905,Lekarz mobilny,Polska,1,1,325,2,13905.63,0,0,0.0,165,0.64,0.21,7,0,1
CL-0906,Lekarz mobilny,Niemcy,3,2,715,1,767.79,1,50,0.13,54,0.43,0.14,5,0,1
CL-0907,Szpital weterynaryjny,Polska,197,5,492,2,18058.83,1,75,0.29,137,0.95,0.45,9,0,1
CL-0908,Lekarz mobilny,Polska,1,2,538,1,8116.58,1,48,0.05,13,0.54,0.16,9,0,0
CL-0909,Klinika weterynaryjna,Polska,13,2,302,2,4409.34,1,39,0.42,135,0.39,0.14,0,0,0
CL-0910,Lekarz mobilny,Polska,10,1,159,5,9548.19,0,0,0.0,177,0.51,0.26,5,0,0
CL-0911,Szpital weterynaryjny,Polska,59,7,696,1,731.27,1,103,0.31,101,0.42,0.48,4,1,0
CL-0912,Lekarz mobilny,Wielka Brytania,7,2,568,2,18368.75,1,0,0.0,90,0.8,0.22,6,0,1
CL-0913,Szpital weterynaryjny,Francja,164,3,147,4,5569.79,1,70,0.9,22,0.53,0.32,2,1,0
CL-0914,Lekarz mobilny,Polska,6,2,583,1,15186.8,1,0,0.0,117,0.68,0.3,1,0,1
CL-0915,Szpital weterynaryjny,Polska,135,3,350,1,10241.9,0,0,0.0,179,0.93,0.31,10,0,1
CL-0916,Lekarz mobilny,Polska,9,2,311,3,9629.96,1,60,0.67,87,0.58,0.24,9,0,1
CL-0917,Szpital weterynaryjny,Polska,183,8,500,2,13343.88,0,0,0.0,48,0.83,0.43,4,0,1
CL-0918,Lekarz mobilny,Polska,9,2,126,7,6466.1,1,13,0.72,156,0.46,0.21,8,0,1
CL-0919,Szpital weterynaryjny,Polska,98,5,306,3,16787.25,1,135,0.84,147,0.38,0.28,7,0,0
CL-0920,Lekarz mobilny,Polska,9,1,94,10,884.94,0,0,0.0,134,0.49,0.16,3,0,0
CL-0921,Szpital weterynaryjny,Polska,88,5,19,20,8166.51,1,149,0.26,20,0.64,0.34,6,1,1
CL-0922,Szpital weterynaryjny,Polska,63,8,470,1,16485.2,1,127,0.6,14,0.48,0.12,2,0,0
CL-0923,Klinika weterynaryjna,Hiszpania,32,4,520,2,2608.77,0,0,0.0,128,0.9,0.38,2,0,1
CL-0924,Klinika weterynaryjna,Polska,4,5,36,20,19565.96,1,18,0.92,84,0.81,0.29,6,0,1
CL-0925,Klinika weterynaryjna,Włochy,2,2,171,5,2513.75,1,5,0.0,133,0.85,0.18,10,0,1
CL-0926,Szpital weterynaryjny,Polska,148,5,496,1,9573.36,1,90,0.83,104,0.74,0.43,4,1,0
CL-0927,Szpital weterynaryjny,Polska,132,3,288,2,6350.8,1,136,0.34,180,0.86,0.42,5,1,0
CL-0928,Klinika weterynaryjna,Hiszpania,35,4,219,4,3566.45,1,21,0.5,153,0.9,0.27,10,0,0
CL-0929,Klinika weterynaryjna,Polska,13,3,499,1,3194.63,1,0,0.0,2,0.76,0.48,3,0,1
CL-0930,Klinika weterynaryjna,Polska,2,2,87,6,17314.66,1,23,0.41,102,0.77,0.35,5,0,0
CL-0931,Klinika weterynaryjna,Polska,19,4,407,2,15313.0,1,4,0.0,18,0.8,0.18,0,0,1
CL-0932,Szpital weterynaryjny,Polska,134,7,177,3,19461.49,1,56,0.51,6,0.53,0.06,5,0,0
CL-0933,Lekarz mobilny,Polska,2,1,148,6,8197.04,1,52,0.89,150,0.79,0.42,9,0,1
CL-0934,Klinika weterynaryjna,Polska,44,5,146,7,5956.73,0,0,0.0,143,0.73,0.15,2,0,0
CL-0935,Lekarz mobilny,Włochy,3,1,145,5,10022.02,1,43,0.94,90,0.47,0.43,1,1,0
CL-0936,Lekarz mobilny,Polska,9,1,411,2,10167.86,1,3,0.0,161,0.58,0.41,6,0,1
CL-0937,Lekarz mobilny,Polska,2,2,526,1,10021.0,1,9,0.69,74,0.69,0.49,9,0,1
CL-0938,Klinika weterynaryjna,Polska,41,1,154,6,13020.1,1,46,0.72,69,0.5,0.46,10,1,0
CL-0939,Szpital weterynaryjny,Polska,100,5,403,3,2221.56,1,114,0.47,57,0.62,0.49,7,0,1
CL-0940,Szpital weterynaryjny,Francja,188,5,182,2,17144.17,1,150,0.7,149,0.75,0.37,2,1,0
CL-0941,Szpital weterynaryjny,Polska,115,9,100,5,14129.1,1,116,0.77,180,0.82,0.27,4,0,0
CL-0942,Lekarz mobilny,Polska,2,2,363,2,7823.48,0,0,0.0,43,0.76,0.29,0,0,0
CL-0943,Lekarz mobilny,Polska,9,1,376,3,7618.8,1,54,0.63,80,0.52,0.15,5,0,0
CL-0944,Szpital weterynaryjny,Polska,31,6,15,20,18671.48,0,0,0.0,92,0.83,0.19,6,0,1
CL-0945,Lekarz mobilny,Polska,10,2,481,1,6542.29,1,0,0.0,3,0.77,0.11,5,0,1
CL-0946,Klinika weterynaryjna,Polska,23,1,593,1,5672.97,0,0,0.0,69,0.92,0.13,2,0,0
CL-0947,Szpital weterynaryjny,Wielka Brytania,41,10,53,10,13077.73,0,0,0.0,171,0.31,0.12,1,0,0
CL-0948,Lekarz mobilny,Polska,1,2,390,1,2481.92,1,43,0.34,35,0.74,0.33,8,0,1
CL-0949,Lekarz mobilny,Polska,2,2,287,2,15323.56,1,55,0.71,180,0.43,0.31,2,1,0
CL-0950,Szpital weterynaryjny,Polska,188,10,279,2,3605.42,0,0,0.0,104,0.57,0.14,2,0,0
CL-0951,Lekarz mobilny,Polska,6,2,280,3,18242.18,1,0,0.0,123,0.33,0.39,1,0,1
CL-0952,Szpital weterynaryjny,Polska,77,8,601,1,5313.03,1,41,0.01,116,0.58,0.29,7,0,1
CL-0953,Lekarz mobilny,Polska,5,1,179,5,2908.27,1,35,0.01,36,0.74,0.43,9,0,1
CL-0954,Lekarz mobilny,Polska,9,2,548,1,7227.42,1,9,0.77,40,0.93,0.29,5,0,1
CL-0955,Klinika weterynaryjna,Polska,8,5,444,2,7097.58,0,0,0.0,37,0.45,0.33,4,0,0
CL-0956,Szpital weterynaryjny,Polska,85,7,389,3,16085.32,0,0,0.0,118,0.44,0.06,3,0,1
CL-0957,Klinika weterynaryjna,Polska,31,2,91,10,13978.69,1,53,0.19,8,0.33,0.4,3,1,0
CL-0958,Klinika weterynaryjna,Polska,19,5,361,3,13949.78,1,29,0.32,135,0.31,0.17,6,0,0
CL-0959,Lekarz mobilny,Polska,1,1,220,2,16737.06,1,45,0.16,132,0.31,0.16,7,0,1
CL-0960,Szpital weterynaryjny,Polska,107,8,186,2,10350.83,0,0,0.0,145,0.78,0.19,8,0,1
CL-0961,Szpital weterynaryjny,Polska,184,6,500,1,17695.57,0,0,0.0,105,0.56,0.49,9,0,1
CL-0962,Lekarz mobilny,Niemcy,9,1,433,1,9329.76,1,54,0.36,145,0.92,0.36,7,0,1
CL-0963,Szpital weterynaryjny,Polska,71,4,398,2,721.81,1,129,0.36,1,0.49,0.34,10,0,1
CL-0964,Szpital weterynaryjny,Wielka Brytania,33,7,214,2,591.49,1,45,0.6,32,0.81,0.15,3,0,0
CL-0965,Szpital weterynaryjny,Wielka Brytania,102,8,354,2,12628.54,1,46,0.1,93,0.77,0.38,8,0,0
CL-0966,Lekarz mobilny,Polska,3,1,728,1,1220.32,1,3,0.0,136,0.75,0.08,4,0,1
CL-0967,Klinika weterynaryjna,Wielka Brytania,9,3,730,1,2054.28,0,0,0.0,90,0.57,0.09,8,0,1
CL-0968,Klinika weterynaryjna,Hiszpania,45,5,508,1,3581.55,1,4,0.0,3,0.62,0.1,1,0,1
CL-0969,Klinika weterynaryjna,Polska,25,5,151,6,5078.97,1,44,0.14,21,0.32,0.06,6,0,1
CL-0970,Szpital weterynaryjny,Hiszpania,175,7,38,20,6246.89,1,116,0.11,107,0.9,0.45,2,0,0
CL-0971,Szpital weterynaryjny,Hiszpania,143,4,415,2,12100.95,1,37,0.33,38,0.73,0.41,10,1,1
CL-0972,Lekarz mobilny,Hiszpania,7,2,527,1,15811.01,1,30,0.71,131,0.39,0.09,10,0,1
CL-0973,Lekarz mobilny,Polska,8,2,165,5,13605.18,1,45,0.89,43,0.82,0.21,5,0,0
CL-0974,Szpital weterynaryjny,Hiszpania,118,10,658,2,3558.48,1,54,0.93,151,0.88,0.19,9,0,1
CL-0975,Klinika weterynaryjna,Polska,37,2,95,6,4737.18,1,19,0.55,149,0.6,0.22,10,0,1
CL-0976,Klinika weterynaryjna,Francja,13,2,188,5,4887.31,0,0,0.0,55,0.4,0.06,4,0,0
CL-0977,Szpital weterynaryjny,Polska,81,9,547,2,10485.03,1,52,0.58,114,0.75,0.06,8,0,1
CL-0978,Klinika weterynaryjna,Polska,10,5,427,1,8714.09,1,2,0.0,31,0.39,0.24,8,0,1
CL-0979,Lekarz mobilny,Polska,6,2,317,1,14088.43,0,0,0.0,129,0.43,0.15,5,0,1
CL-0980,Klinika weterynaryjna,Polska,6,4,369,1,13180.85,1,56,0.82,28,0.94,0.39,6,0,1
CL-0981,Lekarz mobilny,Polska,10,1,259,3,5496.2,1,56,0.25,110,0.57,0.24,1,0,0
CL-0982,Szpital weterynaryjny,Polska,36,3,619,1,12457.35,1,99,0.53,41,0.45,0.09,4,0,1
CL-0983,Lekarz mobilny,Polska,6,1,447,1,2387.36,1,0,0.0,31,0.53,0.33,7,0,1
CL-0984,Lekarz mobilny,Francja,5,2,238,4,6988.2,1,35,0.53,71,0.7,0.41,6,1,0
CL-0985,Szpital weterynaryjny,Polska,114,6,670,1,13215.28,1,132,0.9,85,0.37,0.28,9,0,0
CL-0986,Lekarz mobilny,Polska,4,2,142,3,3682.62,1,24,0.9,34,0.77,0.23,6,1,1
CL-0987,Lekarz mobilny,Polska,1,1,127,4,1806.46,1,52,0.72,94,0.42,0.29,1,0,0
CL-0988,Lekarz mobilny,Polska,5,1,614,1,13818.81,1,60,0.82,158,0.83,0.08,10,1,1
CL-0989,Szpital weterynaryjny,Polska,94,9,454,1,6474.25,1,51,0.61,125,0.39,0.17,0,0,0
CL-0990,Klinika weterynaryjna,Niemcy,27,5,556,1,13745.55,1,52,0.1,172,0.34,0.46,6,0,1
CL-0991,Lekarz mobilny,Polska,9,2,220,3,10570.09,0,0,0.0,82,0.87,0.2,2,0,0
CL-0992,Klinika weterynaryjna,Polska,23,4,425,2,18455.97,1,33,0.22,161,0.63,0.46,3,1,0
CL-0993,Lekarz mobilny,Polska,10,2,600,1,3128.03,1,6,0.26,152,0.58,0.17,3,0,1
CL-0994,Szpital weterynaryjny,Polska,104,8,657,1,3392.4,0,0,0.0,162,0.55,0.06,5,0,1
CL-0995,Lekarz mobilny,Polska,6,1,93,11,2438.81,1,0,0.0,59,0.37,0.13,7,0,1
CL-0996,Szpital weterynaryjny,Polska,156,3,39,20,1744.87,1,75,0.04,66,0.72,0.07,2,0,0
CL-0997,Szpital weterynaryjny,Polska,54,10,576,2,5791.44,0,0,0.0,35,0.85,0.35,2,0,0
CL-0998,Klinika weterynaryjna,Włochy,43,3,599,1,5833.35,1,40,0.87,36,0.77,0.27,2,0,1
CL-0999,Lekarz mobilny,Polska,10,2,429,2,12930.18,0,0,0.0,11,0.53,0.37,9,0,0
CL-1000,Klinika weterynaryjna,Włochy,41,1,386,3,6016.45,0,0,0.0,19,0.83,0.05,5,1,1
